date,WORLD,EM,VAL,SMALL,QLTY,AGG,GOLD,BTC
2020-01-01,100.0284,100.2552,99.9614,99.4474,99.7686,99.7059,99.9066,103.4894
2020-01-02,99.5915,99.3198,99.6923,99.0685,99.4632,99.4438,99.7147,104.0013
2020-01-03,98.3613,97.672,97.515,96.1588,97.2537,99.4541,98.3264,98.2235
2020-01-06,98.534,97.7155,96.2954,95.368,96.916,99.5168,96.8451,94.7096
2020-01-07,97.6538,96.1934,95.9081,93.7746,96.1488,99.8404,96.3741,91.6468
2020-01-08,97.7824,96.3738,95.4023,93.7252,96.6781,99.3677,96.9762,92.1715
2020-01-09,97.2181,97.2386,95.8441,93.1467,96.7414,99.5583,96.8938,94.1578
2020-01-10,97.1835,97.692,96.7431,93.195,97.0982,99.4135,96.9742,91.6345
2020-01-13,96.6793,97.0062,96.7389,93.5039,96.3714,99.1917,97.4659,85.5049
2020-01-14,96.2834,96.5103,97.0393,93.743,96.1735,99.0939,97.1693,88.9073
2020-01-15,95.9209,95.9011,96.8385,93.2163,95.7989,98.7756,96.9733,86.3659
2020-01-16,97.0102,97.5423,97.9404,95.1284,96.6899,99.0679,97.2105,91.3369
2020-01-17,95.8602,96.5608,96.1609,92.2205,95.3515,98.8586,97.1497,93.1982
2020-01-20,95.1357,95.3306,95.4916,91.5515,94.6887,98.8355,97.7626,92.8537
2020-01-21,94.2368,94.3123,94.7241,89.8406,94.019,98.6183,98.5299,91.0527
2020-01-22,94.342,94.0026,94.6082,88.4726,93.2977,98.7593,96.5055,90.9711
2020-01-23,92.8236,92.9184,93.075,87.3563,92.3636,98.344,97.409,91.803
2020-01-24,92.7912,92.6904,92.9033,86.5962,92.6179,98.1946,97.2763,89.0038
2020-01-27,92.269,91.2474,92.7746,85.7695,92.5062,98.2316,96.5856,86.2448
2020-01-28,91.8069,90.7643,92.1973,85.0106,91.537,98.0209,98.0303,83.4562
2020-01-29,90.9219,90.0594,92.2265,83.5577,90.9223,97.8659,96.2002,82.3864
2020-01-30,90.9265,90.1117,91.878,83.7069,90.6802,97.8379,95.1279,78.5354
2020-01-31,92.1064,91.0088,92.9196,84.8567,91.3169,97.6576,95.7154,80.2899
2020-02-03,91.9998,90.9105,93.4319,85.3848,91.6287,97.489,94.3475,82.2574
2020-02-04,92.8691,91.7282,94.431,86.871,92.7406,97.7433,94.1274,88.7611
2020-02-05,91.8066,91.2002,93.9814,86.608,93.0588,98.2255,93.2673,83.0725
2020-02-06,92.5433,91.2767,94.3654,87.6106,92.8129,97.5773,93.2257,83.6352
2020-02-07,92.3538,91.1027,93.7771,86.3062,92.3569,97.3122,91.554,82.4501
2020-02-10,92.3254,91.3519,93.3584,85.8046,91.8332,97.0641,91.5973,79.7291
2020-02-11,92.6618,91.9417,94.7733,85.8264,92.6624,97.024,91.6176,77.7715
2020-02-12,92.2849,92.0574,94.5959,85.6816,92.4313,97.3942,91.7637,72.5636
2020-02-13,91.7084,90.092,91.9656,83.4928,91.6341,97.4793,90.6283,66.7547
2020-02-14,92.7187,91.2585,92.8979,84.5963,92.4477,97.7,91.3081,69.5878
2020-02-17,91.8346,90.6791,91.9317,84.3253,91.4131,97.6998,91.2454,65.2086
2020-02-18,93.3665,93.3168,93.3756,86.8219,93.0452,96.8453,91.2098,68.406
2020-02-19,93.4655,92.6636,93.0591,86.4185,93.3239,96.9644,91.2528,71.3157
2020-02-20,93.0017,91.9012,91.6663,86.3877,93.2045,97.276,91.9718,70.8019
2020-02-21,93.2167,91.9512,91.6887,86.5309,93.918,97.4481,92.0219,70.1355
2020-02-24,92.6844,92.5039,91.8924,86.6005,93.8141,97.1222,91.8083,71.6919
2020-02-25,92.3664,92.0061,91.4627,86.1995,92.8636,97.0827,90.9765,71.9541
2020-02-26,91.7213,91.7188,91.8185,85.7817,92.4452,97.1636,90.9945,69.2141
2020-02-27,92.1468,93.5866,92.558,86.7141,92.735,97.2435,89.9707,68.0017
2020-02-28,93.2932,94.181,93.8656,88.8563,93.8115,97.3784,91.8914,71.0576
2020-03-02,92.7972,92.6927,93.1264,88.7928,93.6972,97.1241,90.9556,68.2281
2020-03-03,93.0793,92.8477,93.4299,89.2697,93.8104,97.1145,91.1594,68.5999
2020-03-04,93.5487,94.6756,94.6128,90.5763,93.9788,97.2112,89.5248,66.7222
2020-03-05,94.3329,96.0325,95.3979,90.5675,94.3876,96.9927,90.0407,72.9105
2020-03-06,94.5523,95.704,94.7893,90.2714,94.1487,96.6643,89.9764,69.6945
2020-03-09,95.5772,97.5904,96.5096,91.6966,95.4751,96.5842,89.6962,71.6842
2020-03-10,94.4363,95.3012,95.5712,89.9708,94.492,96.9481,88.2416,66.7344
2020-03-11,94.6187,95.7798,95.6392,90.8845,94.8644,96.5791,87.2888,68.4084
2020-03-12,95.0603,94.8834,96.2363,91.407,95.5887,96.4633,87.0049,66.5055
2020-03-13,97.3931,97.2388,99.0552,93.8908,97.5337,95.8883,86.574,72.7178
2020-03-16,96.2742,96.8281,98.5515,92.3764,96.6778,95.7929,86.4326,69.6259
2020-03-17,95.5506,95.8298,97.3014,90.4106,95.7809,96.1096,85.1993,66.896
2020-03-18,94.9915,94.5297,97.0141,89.3096,95.847,95.9073,85.4009,65.3142
2020-03-19,94.3429,94.2579,96.5251,89.1323,95.5197,95.6079,85.1554,64.3592
2020-03-20,95.2271,94.5494,97.0445,88.7112,96.0861,95.2816,83.526,64.0362
2020-03-23,96.2535,94.5398,96.9679,88.6353,95.8173,95.402,82.9224,62.5997
2020-03-24,96.8119,94.5819,97.4835,88.4638,95.5242,94.8622,84.2405,62.5967
2020-03-25,97.0618,94.8188,97.78,88.7819,96.543,94.55,82.8402,60.6723
2020-03-26,95.8715,94.1077,97.3873,87.3125,95.2705,94.4923,83.9036,54.4959
2020-03-27,96.3761,93.8684,98.0986,87.0413,95.3294,94.0529,82.9117,56.4763
2020-03-30,97.1527,94.3872,98.2075,86.389,95.3438,94.0493,82.8547,56.5221
2020-03-31,96.1546,93.3052,97.3134,86.1006,95.5094,94.0415,82.1866,55.1057
2020-04-01,95.6302,92.2421,96.6417,84.6723,95.1036,94.0499,82.3469,53.6015
2020-04-02,95.0012,90.9399,95.7365,83.3518,94.4446,94.0933,81.2006,51.7645
2020-04-03,93.8289,89.325,94.4251,80.7051,93.2393,94.2052,81.0233,48.7337
2020-04-06,93.5238,88.3593,93.7841,79.742,92.7557,93.8859,81.0337,47.8598
2020-04-07,93.4243,87.9653,93.8738,78.6772,92.6941,93.979,81.2871,48.0971
2020-04-08,92.8744,87.2407,93.6647,78.4091,92.4516,93.5605,81.5148,49.1386
2020-04-09,93.7902,88.3135,93.7226,79.6299,93.0142,92.8061,81.5394,47.771
2020-04-10,92.6736,86.7738,93.2571,78.3542,92.3027,93.3634,83.0267,46.8692
2020-04-13,92.4876,85.7655,92.4389,77.914,92.0091,93.4267,83.846,45.3137
2020-04-14,92.4638,86.2161,92.8989,78.7987,92.5039,93.3317,84.1382,44.5859
2020-04-15,91.0673,85.1998,91.821,77.7273,90.9368,93.2831,83.5309,41.5473
2020-04-16,89.1717,83.0977,90.5504,76.0967,89.3764,93.3539,84.0756,36.3939
2020-04-17,89.0911,83.3582,90.9531,77.2101,90.1379,93.4386,84.4041,37.9154
2020-04-20,88.6624,82.9041,91.0203,77.9941,90.0578,93.4378,84.5696,39.4377
2020-04-21,88.6612,83.8277,90.907,78.1378,90.1548,93.6727,85.5773,38.2154
2020-04-22,87.9218,83.293,90.0245,76.5202,89.8508,93.8593,86.029,36.8838
2020-04-23,88.8051,84.0321,91.2826,77.0464,90.2012,93.9024,85.5078,38.3694
2020-04-24,89.0479,83.6902,91.3098,76.8487,90.5377,93.7266,85.0605,39.6325
2020-04-27,90.9764,86.9274,93.5326,79.5211,93.0948,93.6084,84.3646,42.6708
2020-04-28,91.3903,86.8024,92.8598,78.5935,93.1448,93.406,84.1415,42.4921
2020-04-29,91.9516,87.1491,93.5196,78.6519,93.3395,93.1048,84.9833,43.0901
2020-04-30,91.3364,86.296,92.7908,78.2783,92.1976,92.8423,84.4929,45.1467
2020-05-01,92.19,87.082,93.8688,80.3948,93.03,92.7071,85.5346,47.6794
2020-05-04,92.802,87.3614,95.2643,82.2137,94.0546,92.8807,83.98,49.5451
2020-05-05,92.6572,87.5014,95.6064,82.1215,93.4157,93.0031,83.4143,48.683
2020-05-06,92.1546,86.7697,93.8993,81.7649,92.8825,93.3668,85.1886,48.3115
2020-05-07,90.6231,84.6573,91.747,79.4016,91.3669,92.8646,85.1143,43.3375
2020-05-08,90.9029,84.8647,91.8104,79.5555,91.2983,92.6937,83.6357,42.8868
2020-05-11,92.5273,87.7866,94.3845,82.4794,92.9287,93.0417,83.9076,46.0278
2020-05-12,92.2982,87.6145,93.9916,82.1338,92.2799,92.9579,85.7685,45.9897
2020-05-13,92.1154,87.7808,94.3333,81.5879,92.1712,93.2394,86.1285,46.2398
2020-05-14,93.5035,88.7355,95.419,82.5323,93.6374,92.6398,85.3643,46.6793
2020-05-15,94.1173,89.7662,96.8441,82.6909,94.5853,92.536,84.8143,48.383
2020-05-18,93.328,87.5765,95.4289,80.3225,93.0802,92.7124,85.0515,48.478
2020-05-19,93.1775,86.4172,94.5228,79.0596,91.9588,92.883,84.5261,44.2736
2020-05-20,93.8187,86.9773,95.2382,79.7873,92.7314,92.8806,85.621,46.1258
2020-05-21,94.1926,87.617,94.9204,79.9181,92.7875,92.9465,84.5168,48.2696
2020-05-22,94.3113,86.9339,93.8459,79.2061,92.326,92.7689,84.4772,46.4587
2020-05-25,94.8301,86.9653,94.0882,80.0477,93.6983,92.4653,83.9952,45.8695
2020-05-26,95.5616,86.9222,94.173,80.3214,93.522,92.1938,83.4892,42.9932
2020-05-27,94.2909,85.4216,93.0799,78.869,91.797,92.1225,84.026,41.992
2020-05-28,94.2465,84.8068,93.1437,78.3558,91.1429,91.9155,85.1252,42.0719
2020-05-29,95.3105,85.5169,94.4029,79.0839,91.82,92.6127,86.1711,43.0797
2020-06-01,95.2602,85.6786,95.0695,79.0723,91.2791,92.5424,86.1552,43.1832
2020-06-02,96.4791,87.0555,96.6182,79.8757,92.5814,93.1176,87.1843,45.6797
2020-06-03,96.6459,88.4012,96.7447,80.3307,93.1523,93.3279,86.9439,46.755
2020-06-04,96.4187,88.2587,96.518,79.4718,92.8859,93.6082,86.222,45.7528
2020-06-05,97.0528,88.1609,96.8816,79.2023,93.5009,94.2897,88.3186,46.7182
2020-06-08,97.7606,88.927,97.5752,80.8135,93.6718,94.5864,88.4718,49.9453
2020-06-09,97.9605,88.6677,97.7206,81.2772,93.8022,94.7378,88.0977,46.8988
2020-06-10,98.8241,89.9749,98.725,82.3957,95.0425,94.5744,87.4846,47.8602
2020-06-11,99.968,90.1349,99.9771,82.9363,95.2016,94.9368,87.6171,47.0153
2020-06-12,99.6569,90.469,100.6144,82.8906,95.491,95.1547,87.1733,47.6368
2020-06-15,99.6541,90.0993,100.205,82.6666,95.3297,95.0061,86.7238,48.6874
2020-06-16,99.8829,90.9251,101.3032,83.7358,96.8898,94.7385,87.3679,49.6936
2020-06-17,101.6775,93.8664,102.243,85.0688,98.4955,94.9256,88.216,52.3862
2020-06-18,102.1436,94.7909,102.7852,86.3409,98.1149,95.1087,87.435,54.3888
2020-06-19,101.9509,93.9655,102.588,85.3843,97.351,94.6746,87.1744,54.0166
2020-06-22,102.9693,94.8641,104.0168,86.5559,98.1656,94.8202,88.2383,55.504
2020-06-23,102.7605,94.5426,103.8439,85.7626,98.3507,94.721,88.5852,53.8422
2020-06-24,103.1376,95.1928,104.047,87.4133,99.0337,95.2378,89.7289,54.3693
2020-06-25,102.7938,95.1664,103.9126,87.2514,98.7891,94.7183,89.2708,50.1977
2020-06-26,103.1838,95.0273,103.6488,87.1229,98.9023,94.3059,87.5429,47.8464
2020-06-29,101.2398,92.4395,102.6014,84.5674,97.6918,93.9751,87.5294,44.8879
2020-06-30,101.2102,92.8076,103.7204,85.1721,98.1363,93.684,87.9362,45.1836
2020-07-01,102.0368,93.5843,105.4258,85.1108,98.6491,93.9287,87.7992,45.056
2020-07-02,101.8086,92.3909,104.9081,85.9492,98.9427,93.6197,86.8886,43.9023
2020-07-03,102.8075,92.779,105.1642,87.0799,99.856,93.4966,85.9228,42.4031
2020-07-06,102.1586,90.6125,104.4011,85.4873,99.1265,94.0951,87.1388,40.1596
2020-07-07,103.0292,92.239,105.0677,85.9785,99.7814,93.6073,88.2498,38.4028
2020-07-08,101.9851,91.0554,103.9606,84.925,99.0757,93.5904,89.1788,35.1994
2020-07-09,102.0128,90.5898,103.8653,84.8831,98.5874,93.4218,89.7898,35.4329
2020-07-10,101.3868,91.3944,105.2026,84.4771,98.9278,94.1606,90.875,36.3727
2020-07-13,101.2153,90.8558,104.783,83.7691,98.9219,94.0667,90.4108,34.5726
2020-07-14,101.1955,90.2237,104.4173,84.0541,98.952,94.2317,90.8051,34.6052
2020-07-15,101.1014,89.9236,104.6834,83.3666,99.4004,94.2548,90.143,33.8742
2020-07-16,100.4841,89.4451,103.7838,83.3513,98.6725,93.6177,89.1479,30.9912
2020-07-17,100.4737,90.153,104.4419,82.9984,98.5446,94.1466,89.6992,31.339
2020-07-20,101.509,92.8487,106.8098,85.1007,100.2466,94.2739,89.3505,31.9759
2020-07-21,101.5871,92.2606,106.5783,84.9224,101.1253,94.0333,89.1327,31.7245
2020-07-22,102.0355,93.4302,107.0021,85.0969,100.8302,93.7609,89.5043,32.0765
2020-07-23,101.0888,92.2443,106.0718,84.3586,99.8518,93.7314,87.8259,29.7661
2020-07-24,102.6739,92.2482,106.6695,85.284,100.3199,93.4814,87.7056,30.2725
2020-07-27,102.6222,90.898,106.008,84.1011,99.4998,93.586,88.2657,30.5412
2020-07-28,102.1699,91.1036,106.5528,84.8561,100.2981,93.5425,88.1196,31.5617
2020-07-29,100.8866,90.0248,105.172,83.3486,98.5446,93.3417,87.9132,31.0301
2020-07-30,101.8626,90.8977,105.9137,83.7362,99.3075,93.2552,88.4569,33.5036
2020-07-31,101.8592,89.8702,105.0002,82.249,98.173,93.6793,88.8013,31.3357
2020-08-03,102.5183,91.3556,105.7372,82.7912,98.6814,93.7482,89.4564,33.3258
2020-08-04,103.7278,93.3372,107.9409,84.9646,99.4372,93.6671,89.8088,34.4928
2020-08-05,104.6534,93.9684,108.1193,86.4358,100.3356,93.7157,90.722,36.6453
2020-08-06,105.0198,92.5821,107.3405,85.5925,99.4518,93.8084,91.805,35.6964
2020-08-07,103.9281,92.969,106.7135,84.3537,99.0694,93.9652,91.2026,35.8084
2020-08-10,103.4788,91.8958,106.1647,84.1295,98.3785,94.0945,91.1424,38.3232
2020-08-11,102.8164,92.2272,105.9536,83.8374,98.5281,94.3747,92.429,38.9349
2020-08-12,102.2626,91.3243,105.611,83.5798,98.7548,94.5218,93.4602,40.6578
2020-08-13,102.4499,90.4797,104.6893,82.2306,98.9238,94.3,94.4663,40.9908
2020-08-14,104.1524,92.784,106.4053,84.0053,100.3971,94.3028,94.1007,42.8971
2020-08-17,105.7771,93.1216,107.4842,84.5106,101.1929,94.5327,94.2285,45.0726
2020-08-18,104.2284,92.437,106.1145,83.6509,100.4145,93.8176,93.0938,43.4774
2020-08-19,105.799,94.1265,107.7166,84.4198,102.1463,94.3113,93.475,45.234
2020-08-20,104.2212,93.2492,108.1748,84.156,102.2697,94.4974,92.63,46.291
2020-08-21,103.0405,91.9751,107.2352,83.5449,101.6855,94.6545,91.9484,43.2138
2020-08-24,103.1285,91.5648,106.3583,82.4137,101.0443,94.1384,90.4379,39.8752
2020-08-25,103.3345,92.0421,107.8282,82.2323,101.1368,94.4058,90.4028,39.9513
2020-08-26,105.0456,93.4281,108.5743,82.7269,102.1492,94.4712,89.2853,39.6284
2020-08-27,105.6065,94.37,108.864,83.6652,102.9357,93.9336,88.8016,40.5829
2020-08-28,105.0648,92.3473,107.6067,82.891,102.7865,93.3329,90.7851,38.6219
2020-08-31,106.0481,94.1424,109.4128,84.4612,103.4533,93.4839,90.3074,36.9957
2020-09-01,108.9508,97.4122,113.293,87.2049,106.6094,93.8583,92.1156,40.8579
2020-09-02,107.7492,96.1366,110.8478,84.5584,105.2108,93.6359,91.7403,38.6523
2020-09-03,109.763,99.0195,112.9852,87.5658,106.7777,93.4759,92.6487,39.7237
2020-09-04,109.5039,97.7876,112.4356,87.9296,106.1222,93.5686,91.8439,37.6744
2020-09-07,108.2621,97.6721,113.2288,87.9994,105.6807,93.7941,91.6385,38.3326
2020-09-08,108.5898,98.1936,113.987,88.1602,105.8414,93.2896,91.016,36.7709
2020-09-09,108.471,97.3704,113.6563,88.0353,104.9393,93.0789,90.0358,36.7981
2020-09-10,110.2642,99.7269,115.3096,90.8915,105.8626,93.4699,89.7611,35.5148
2020-09-11,113.0918,103.6852,117.6757,94.0664,108.0506,93.4232,88.6036,37.0786
2020-09-14,113.624,104.3799,118.9957,94.9744,109.8227,93.193,88.7897,35.9201
2020-09-15,112.3171,104.1391,117.6522,94.3022,109.1124,92.9266,88.3049,34.3825
2020-09-16,111.8316,104.2498,117.8778,93.838,108.5689,93.0281,88.2529,35.2139
2020-09-17,114.7043,107.7918,120.7139,96.8445,110.4345,92.6931,87.3847,36.9391
2020-09-18,114.2734,107.9639,120.3137,96.4559,109.6547,93.195,88.045,38.8815
2020-09-21,115.1685,110.0976,121.4463,98.3193,112.0596,92.8005,88.9926,42.8014
2020-09-22,115.6593,111.2382,122.995,98.9071,112.9671,92.5275,88.3084,42.6202
2020-09-23,115.5311,111.231,123.2434,97.922,113.8347,92.881,89.1406,42.5192
2020-09-24,115.4629,111.6321,123.656,96.9584,114.1884,93.7643,87.9034,43.7179
2020-09-25,115.9082,111.993,124.9803,96.8303,114.67,94.2031,87.9658,43.7904
2020-09-28,116.0692,111.7709,126.0622,96.5343,115.2827,93.8274,88.4101,43.9519
2020-09-29,113.2242,108.8445,122.6942,93.2206,113.7268,93.5827,87.1867,42.4979
2020-09-30,113.3828,110.3193,123.5942,93.3878,114.1942,93.9477,88.2402,43.5256
2020-10-01,113.4674,110.3093,123.2435,94.6212,114.3845,93.6113,87.6676,44.4297
2020-10-02,114.208,110.9575,123.4288,95.1594,113.9407,93.2226,88.2209,44.1209
2020-10-05,114.656,112.4804,124.7166,96.199,115.8437,93.3984,88.0603,46.4718
2020-10-06,115.1426,112.2391,124.93,96.2613,114.9514,93.3609,87.7853,45.5959
2020-10-07,113.3483,110.0691,123.1253,94.4339,112.9523,93.6191,86.7153,42.9082
2020-10-08,114.8257,110.9998,123.9094,96.2589,113.7204,93.5075,86.9278,45.5803
2020-10-09,112.4254,107.829,120.7452,92.6472,111.0004,93.3554,86.953,41.1336
2020-10-12,112.5896,108.332,120.5464,92.8725,111.9555,93.453,86.4591,41.249
2020-10-13,111.6266,107.5676,120.3355,91.672,111.2641,93.8211,86.1521,40.6695
2020-10-14,110.5587,105.7976,118.7536,91.655,110.2357,93.7103,85.5589,39.1321
2020-10-15,111.2764,106.6816,120.8177,92.9923,111.8969,93.7624,86.1809,38.9062
2020-10-16,111.1733,106.5192,120.5475,91.4067,111.9498,93.6719,85.7451,38.0605
2020-10-19,110.9642,106.6317,119.6654,90.4741,111.7363,93.7389,85.4337,36.9123
2020-10-20,110.1228,105.7214,119.6412,89.2182,111.911,94.0151,85.1475,37.2351
2020-10-21,108.6376,102.8448,116.9005,86.7347,109.9315,93.9456,85.0681,32.876
2020-10-22,109.177,102.285,116.537,86.396,109.2735,93.5631,84.0351,32.2725
2020-10-23,109.8173,103.3635,116.6737,86.484,109.2161,93.6954,82.4323,33.3931
2020-10-26,109.3452,102.2807,116.2208,86.4932,109.0131,94.0297,82.6689,34.3822
2020-10-27,110.6695,103.5233,118.3147,88.0805,110.2758,93.7239,82.3849,36.3916
2020-10-28,109.3352,102.6941,117.5289,87.2821,108.4937,93.741,82.8609,34.6244
2020-10-29,109.4583,100.9844,117.3246,86.3564,108.4341,93.2288,83.1757,33.8719
2020-10-30,110.3269,101.1279,117.4373,88.1264,108.6154,93.0157,82.8893,33.2106
2020-11-02,111.6054,103.7208,118.7015,88.6574,110.2619,93.3056,83.7879,35.9814
2020-11-03,110.7245,102.7155,116.9741,86.6257,109.6648,93.1585,85.5697,35.3603
2020-11-04,110.0865,102.7005,117.7988,86.9471,109.1698,93.2796,86.8048,35.1179
2020-11-05,109.3145,102.7173,117.5092,85.9071,108.5832,93.0878,86.9392,34.691
2020-11-06,110.5395,104.5033,117.8622,87.2019,109.9137,93.1953,87.9612,35.4456
2020-11-09,109.5807,104.2658,116.6134,85.0853,109.5229,93.026,87.5561,32.9693
2020-11-10,108.2462,102.0148,114.8239,83.66,107.1432,93.3148,86.5585,30.2321
2020-11-11,108.9715,102.6848,114.5061,85.1005,107.2355,93.3827,86.7963,32.0072
2020-11-12,108.5329,103.0248,113.9695,85.5448,106.832,93.2932,88.3976,32.5141
2020-11-13,108.6752,104.9309,115.0177,85.9588,107.8236,92.9331,89.2776,34.5945
2020-11-16,108.1179,103.8615,114.4367,85.2835,106.8338,93.1344,87.5342,33.0554
2020-11-17,107.7354,103.2547,114.2034,84.1646,106.6782,93.1085,86.9309,31.1509
2020-11-18,106.5668,102.3375,112.6713,83.056,106.2659,93.4538,88.3933,30.4209
2020-11-19,105.5085,102.0365,112.2166,83.114,105.9208,93.8301,89.2954,30.9706
2020-11-20,106.0406,102.893,112.9685,83.9047,106.9552,93.6659,90.8237,31.8117
2020-11-23,107.0617,103.878,113.7226,86.0038,107.7594,93.2682,90.0623,32.1611
2020-11-24,109.2942,106.3548,116.4016,87.7397,109.7,93.4072,91.9037,33.7796
2020-11-25,109.9492,107.2785,116.4517,88.2334,109.9872,92.7268,92.1441,34.6168
2020-11-26,109.524,105.759,116.5877,87.8587,110.0931,93.1601,91.8635,35.1396
2020-11-27,109.3045,105.4817,116.321,87.6105,110.448,93.2112,91.7443,34.6985
2020-11-30,109.6875,105.1608,116.0782,87.5435,110.1552,93.1912,91.1755,36.5803
2020-12-01,111.104,106.9718,117.4703,90.3977,111.7538,93.1227,91.5326,38.6852
2020-12-02,112.6253,108.5179,120.2011,91.7095,113.4863,92.7894,93.1471,40.3648
2020-12-03,112.5941,109.2449,121.3001,91.5307,113.6234,92.3868,93.0929,40.4079
2020-12-04,112.2541,108.3297,120.5194,90.4125,113.3059,92.8576,91.52,39.2644
2020-12-07,111.8419,108.3064,119.6885,89.8937,112.45,93.0884,91.6937,38.6075
2020-12-08,112.2644,108.5391,118.9953,90.2662,112.672,93.0515,92.5874,40.3733
2020-12-09,111.142,106.7484,118.7293,90.1657,111.6952,92.7452,91.7989,38.602
2020-12-10,109.5207,105.1115,116.4554,87.6166,110.5917,92.6134,91.5563,37.4419
2020-12-11,110.3956,105.7363,117.177,87.8186,111.9384,92.7894,90.697,37.987
2020-12-14,111.1728,106.9159,119.2143,89.9412,112.8637,92.7334,89.609,39.2741
2020-12-15,111.3619,109.3199,120.3281,89.7017,113.1698,92.7568,88.5529,38.605
2020-12-16,111.0081,109.2299,120.011,88.8811,113.2607,92.6203,88.0344,36.5602
2020-12-17,110.2168,108.9335,118.4535,87.9758,112.9224,92.5457,88.1645,34.6499
2020-12-18,111.6203,111.3351,120.2541,88.5918,113.6065,92.8006,89.8874,36.6285
2020-12-21,112.9745,112.258,121.1818,89.611,114.6635,92.3373,90.5706,39.1764
2020-12-22,111.7853,109.8652,119.8897,87.7226,112.2181,92.6376,90.7494,36.9725
2020-12-23,114.0712,112.3797,121.5337,89.783,113.3456,92.3723,91.0857,38.1001
2020-12-24,113.6172,113.3218,122.2398,90.6046,113.9681,92.5094,92.5165,38.9283
2020-12-25,115.6583,114.6655,123.6301,91.2394,114.8631,92.6341,94.0063,39.7587
2020-12-28,115.6957,114.3925,123.0581,90.2313,114.5682,92.1564,93.8416,39.1829
2020-12-29,115.0102,112.8029,121.1977,90.172,113.1311,92.6513,94.5909,37.9839
2020-12-30,113.7907,112.4083,121.5775,89.1543,112.5466,92.9858,95.0452,39.9336
2020-12-31,113.2102,112.2545,120.4123,89.866,111.9586,92.368,94.5859,39.0708
2021-01-01,115.3094,114.1818,122.2019,92.0898,114.2881,92.2998,95.669,42.0306
2021-01-04,115.0185,113.9398,121.9897,91.2516,114.6077,91.9182,96.5751,43.1266
2021-01-05,114.9487,113.2077,121.5334,91.1834,114.7547,92.0182,97.5753,42.4633
2021-01-06,115.2353,112.1695,121.7888,91.1762,114.4947,92.3685,98.4318,39.1597
2021-01-07,115.3101,111.0179,122.0907,92.5942,114.391,92.3981,98.213,39.6058
2021-01-08,116.0462,112.8654,122.5303,94.5649,114.8529,92.4598,99.4547,41.8073
2021-01-11,115.053,111.242,121.1083,93.237,114.4329,92.1302,99.6667,41.3707
2021-01-12,115.6931,112.2959,122.8485,94.6585,115.7952,92.2685,101.6218,40.7656
2021-01-13,117.1352,113.5638,123.8851,95.2297,115.6925,92.1464,100.9191,41.9351
2021-01-14,115.5484,113.1399,123.1115,94.1046,114.5772,91.9607,99.6253,39.8103
2021-01-15,115.5866,113.0266,122.1545,93.5947,113.8549,92.0315,101.5003,40.576
2021-01-18,115.2765,111.3259,120.4238,91.3393,113.1295,91.8598,101.3845,38.483
2021-01-19,115.4074,112.6465,120.5537,91.5666,113.0565,92.1144,100.5195,37.2893
2021-01-20,113.9351,109.9361,119.0994,91.4732,111.5135,92.4432,100.8575,34.9248
2021-01-21,113.6686,109.4675,118.35,92.2496,110.4587,92.5767,101.2403,34.0654
2021-01-22,113.8604,110.3929,118.9049,93.0361,111.2493,91.9821,102.4522,37.1712
2021-01-25,114.9518,112.3784,119.2968,94.0496,111.6812,91.7972,103.4044,37.2673
2021-01-26,114.8419,110.6543,118.4942,93.3058,110.7557,91.6261,105.2069,35.5207
2021-01-27,113.7385,108.8514,118.0371,93.6128,110.3611,91.4516,104.6153,35.8639
2021-01-28,112.7943,109.0779,118.5718,93.5467,110.6121,91.6784,106.3789,35.1251
2021-01-29,114.0914,110.1022,119.1236,94.5775,111.2568,91.3802,104.598,34.4399
2021-02-01,115.6995,113.4272,121.6266,97.8025,112.9511,91.3008,105.0157,35.3774
2021-02-02,114.6536,112.4148,120.5164,95.9995,112.2365,91.2686,105.9936,34.5922
2021-02-03,114.3599,112.2144,120.1887,95.2626,111.7627,91.5062,106.7912,35.7959
2021-02-04,112.5757,110.0191,118.2021,93.4067,110.1028,91.4255,107.4448,34.4334
2021-02-05,111.3722,109.8663,118.1865,92.5233,110.0707,91.2402,108.5116,33.955
2021-02-08,110.5607,108.7041,116.854,91.5668,109.371,91.2906,107.8744,29.5395
2021-02-09,110.6879,107.2871,116.5344,91.8305,109.2904,91.198,107.6115,29.1469
2021-02-10,110.145,106.2546,115.2923,91.678,108.7353,91.5037,107.4774,28.7054
2021-02-11,109.9978,106.4736,115.8279,92.0175,108.5943,91.2878,109.1477,28.7769
2021-02-12,109.7256,107.3737,116.7314,92.8256,108.8231,91.9601,110.0204,29.8631
2021-02-15,109.5782,106.0783,115.3245,92.1765,108.3865,91.925,108.6727,27.8001
2021-02-16,109.2691,104.6,115.1631,92.3144,109.4219,92.1921,108.1895,26.9667
2021-02-17,105.7915,100.5981,111.748,89.2522,107.0418,92.4736,108.3426,25.3393
2021-02-18,107.2778,101.2864,112.4901,89.3867,108.4397,92.8318,109.4457,25.251
2021-02-19,107.4826,101.3115,112.6576,89.4031,108.7846,92.7234,110.3303,25.6341
2021-02-22,107.2146,100.9553,112.1222,89.5263,108.4599,92.8293,109.9456,24.2724
2021-02-23,108.166,101.0979,113.0712,90.5121,108.2856,92.5494,109.2646,23.862
2021-02-24,106.9937,100.489,112.1082,89.7994,107.4103,92.677,108.4625,23.186
2021-02-25,107.613,101.1425,112.4026,89.6333,107.7801,92.7773,108.2747,22.8396
2021-02-26,108.1956,103.6518,113.4975,91.1849,109.0316,92.0046,108.057,22.985
2021-03-01,109.6505,104.9361,114.2441,92.227,110.0005,91.8214,107.9778,22.6386
2021-03-02,109.4472,105.3431,115.5334,93.1698,110.5916,92.156,109.3251,24.3847
2021-03-03,110.6028,106.4336,116.7062,94.456,111.6542,92.1907,108.5877,23.4434
2021-03-04,109.933,104.1377,115.521,93.0995,109.8343,92.4446,109.5739,22.8138
2021-03-05,111.7095,107.4417,116.9426,95.9608,111.8014,92.5107,110.807,23.7621
2021-03-08,111.1163,106.1663,115.6863,94.8379,110.3152,92.254,111.2049,23.0291
2021-03-09,111.5495,105.0948,115.0,94.0645,109.9824,92.1095,112.1216,22.809
2021-03-10,111.5979,105.1528,115.495,93.9517,110.6348,92.2462,112.4003,23.0196
2021-03-11,112.1785,106.5498,116.9283,95.3366,111.9693,92.2556,113.9115,23.8944
2021-03-12,110.0303,105.4343,115.5028,92.9052,110.5078,92.0635,116.0587,23.4523
2021-03-15,108.441,104.2387,114.0048,92.6805,109.1204,91.4661,115.6592,22.3353
2021-03-16,108.0444,102.1637,113.2644,92.7349,107.6426,91.842,115.1739,23.3783
2021-03-17,108.5201,102.4965,114.321,93.7308,107.914,92.0393,114.7672,22.4591
2021-03-18,110.6536,104.3698,115.7508,95.8654,108.613,91.6127,114.062,22.8625
2021-03-19,110.759,105.3648,115.9031,96.5999,109.2586,91.2985,114.1661,22.4528
2021-03-22,111.9086,106.8974,117.0888,97.0163,110.1359,91.0603,114.9027,22.9963
2021-03-23,111.0832,106.7997,117.1043,96.2571,110.3864,90.9945,114.4909,22.8432
2021-03-24,110.3261,105.6687,116.19,96.3324,110.5991,90.9462,116.2723,22.7341
2021-03-25,110.7538,106.8154,117.0427,98.8257,111.6134,90.5839,117.6475,23.1935
2021-03-26,110.4659,104.136,116.4839,98.2292,111.2745,90.8973,119.7867,22.9775
2021-03-29,111.4794,104.5644,116.9427,99.6745,112.1118,90.5055,120.0271,23.2783
2021-03-30,110.6505,104.0751,116.0877,97.7743,110.8219,91.0509,118.5102,22.6946
2021-03-31,111.3206,105.2534,116.1207,98.1975,111.3336,91.2742,117.9467,22.1643
2021-04-01,112.4108,107.2441,117.6808,99.3844,112.6393,91.2755,119.0504,22.2182
2021-04-02,112.5651,107.2706,117.0687,99.3811,112.5852,91.1725,119.4475,21.247
2021-04-05,112.5387,107.5927,117.3679,100.3358,112.2747,90.7486,119.4695,21.566
2021-04-06,114.847,110.4605,119.0585,103.3679,113.6972,90.2761,122.4672,23.2502
2021-04-07,115.657,111.7654,121.1461,105.0831,115.4111,89.955,120.6903,24.8631
2021-04-08,117.3121,113.9096,122.9495,107.2291,116.5019,90.3531,121.8928,26.509
2021-04-09,117.7619,115.2836,124.0451,108.824,116.7155,90.4849,124.736,27.03
2021-04-12,117.6508,115.9452,124.8954,109.7824,116.3039,90.6299,123.405,26.3798
2021-04-13,118.2939,116.3593,125.9359,113.0615,117.6385,90.8117,122.5374,26.5399
2021-04-14,117.1428,114.6878,123.9821,110.7498,116.2755,90.5834,120.5465,24.2039
2021-04-15,117.6785,115.2978,125.1862,112.456,116.8308,90.761,119.0198,26.2547
2021-04-16,119.0477,116.5382,125.5681,113.901,116.6846,90.5297,119.8176,26.8484
2021-04-19,118.529,116.8318,124.7241,113.6721,116.1825,90.3116,120.1979,25.8092
2021-04-20,120.7115,118.6008,127.8599,115.5072,118.1451,89.926,118.5153,26.9293
2021-04-21,121.5199,118.3017,128.9823,115.5239,118.5653,90.0321,119.326,25.8813
2021-04-22,123.4264,120.7927,130.6101,116.9265,119.0307,89.6209,119.8113,26.4735
2021-04-23,122.1471,118.9813,130.3778,115.4197,117.9001,90.0422,120.5659,25.978
2021-04-26,121.4808,116.9075,128.4203,113.3287,116.6326,90.1946,121.2208,25.3423
2021-04-27,121.7672,116.3108,126.8482,112.2427,115.659,90.0421,120.733,23.8741
2021-04-28,120.5291,114.9609,125.7985,110.3743,114.9553,90.0234,119.4169,23.066
2021-04-29,122.7256,116.5991,128.3357,113.8603,117.4811,89.7375,121.8279,24.7369
2021-04-30,122.465,116.1311,128.4487,113.6733,117.2621,90.1154,121.2013,23.8216
2021-05-03,123.4199,117.7201,130.3246,114.4241,118.7678,90.2271,123.5266,23.9392
2021-05-04,123.7084,117.7648,129.3751,113.6219,119.1318,90.11,122.554,24.3207
2021-05-05,124.9039,119.8683,130.2363,115.0706,120.6801,89.8995,121.6093,25.5519
2021-05-06,126.7961,120.7484,129.6795,114.7388,120.5424,89.8624,122.3612,25.7185
2021-05-07,125.9941,120.0715,128.3688,113.6592,119.5179,90.6566,123.8378,24.8334
2021-05-10,124.8469,118.5109,126.0989,111.2596,117.8369,90.9663,123.3951,23.2643
2021-05-11,123.3091,115.9174,124.3404,108.9904,116.9837,90.8447,124.4873,22.6261
2021-05-12,123.3374,114.1972,122.8403,108.4583,117.0524,90.9328,125.4468,22.1074
2021-05-13,122.9389,113.2333,122.9375,108.2824,116.6889,90.8603,126.0674,22.1794
2021-05-14,122.0094,113.7854,122.8861,108.0727,117.3134,91.1633,126.173,22.5781
2021-05-17,120.815,112.052,120.1751,106.9458,115.0975,91.42,125.1709,20.9078
2021-05-18,120.6255,112.0885,120.5055,108.352,115.5479,91.6735,124.6362,21.5091
2021-05-19,120.8333,111.9005,120.4763,108.3096,115.656,91.7995,124.0991,20.986
2021-05-20,121.7229,111.3409,120.2843,109.6046,114.5593,91.6119,124.8248,19.997
2021-05-21,124.7823,112.1116,122.9674,113.3783,116.9108,91.4903,125.3883,20.6652
2021-05-24,125.7745,112.1082,123.2528,114.6952,116.8126,91.385,125.5596,20.0391
2021-05-25,127.2006,113.7558,123.5466,115.9225,117.2419,91.1826,125.5931,20.0067
2021-05-26,128.4002,114.2886,124.9741,117.1238,118.4906,91.0092,124.9352,19.7215
2021-05-27,129.1386,115.8063,127.3646,119.9878,119.9389,90.915,125.4886,20.508
2021-05-28,130.9726,118.4017,128.6564,121.5826,121.983,90.9654,125.3795,22.128
2021-05-31,130.5294,117.7235,127.8753,119.1738,121.7334,90.654,124.3999,21.0797
2021-06-01,131.465,118.5608,128.651,118.7242,122.1157,90.2336,124.5306,21.4955
2021-06-02,131.4792,120.4185,129.7488,120.2862,122.9757,90.1645,125.7629,22.8324
2021-06-03,129.908,119.834,129.1549,120.0145,122.6592,89.8424,124.0341,23.4816
2021-06-04,130.2538,118.892,129.2064,119.5442,121.536,89.2225,121.6201,23.0372
2021-06-07,130.2302,118.6438,129.3061,119.9921,120.4738,89.155,120.565,21.9348
2021-06-08,129.5939,117.9145,128.5456,117.9506,119.5271,89.7557,119.6463,20.3649
2021-06-09,129.9668,118.8095,129.3998,117.7933,120.4292,89.5309,118.2012,20.0588
2021-06-10,129.8688,119.3549,130.0106,118.1454,121.178,89.5536,119.3087,19.5154
2021-06-11,127.9863,118.1999,127.7102,115.8491,119.7626,89.4739,118.5941,19.4539
2021-06-14,124.9975,116.029,127.0351,113.6607,118.314,89.7375,120.8142,18.2237
2021-06-15,125.1352,116.0005,127.4834,113.9994,118.8319,89.6225,120.8204,17.9486
2021-06-16,124.3862,115.1352,126.693,112.1627,118.9177,89.6155,119.1137,18.0568
2021-06-17,123.5435,114.7418,126.1276,111.6703,118.5872,89.4792,119.0352,18.9246
2021-06-18,120.9918,112.2702,124.2222,108.2893,116.0287,90.1658,118.8683,19.0486
2021-06-21,121.639,112.9744,125.1435,109.6069,117.2896,90.2738,119.1879,19.6179
2021-06-22,123.2365,115.2658,126.143,110.8732,118.5969,90.0696,118.72,19.6246
2021-06-23,122.9657,115.363,126.7381,111.0165,119.7908,90.0489,122.5675,20.8044
2021-06-24,123.5779,115.5376,125.1824,110.6144,119.6876,90.6102,121.2637,21.8279
2021-06-25,123.3185,115.9101,123.4973,110.0996,119.1118,90.8302,121.4839,20.8565
2021-06-28,124.4609,117.6705,125.116,112.5335,120.9594,90.7891,119.9602,20.6164
2021-06-29,126.0928,119.9579,126.8333,114.237,122.3376,90.7623,119.6701,20.9237
2021-06-30,128.7332,122.8496,128.7592,115.9061,123.6501,90.9249,120.8375,21.8945
2021-07-01,128.8313,122.6646,127.9739,116.6518,123.818,91.6441,120.4139,21.8361
2021-07-02,129.9461,123.5663,127.8753,116.5654,124.2365,91.7421,120.4023,22.7283
2021-07-05,131.2066,125.1486,129.0707,117.8252,125.5178,91.9843,120.7321,23.7614
2021-07-06,130.8408,123.4505,127.5892,117.1909,125.0185,92.4782,121.0658,24.0142
2021-07-07,132.5229,126.0868,128.9141,119.0717,126.4606,92.1597,121.5543,25.7089
2021-07-08,131.9582,127.3976,128.9316,119.0878,126.4445,91.9644,121.9403,25.7745
2021-07-09,134.0826,130.1811,131.3033,121.5673,127.4359,91.8977,121.0182,27.549
2021-07-12,134.0806,131.8268,132.4243,123.245,128.3289,91.9443,121.9109,29.0463
2021-07-13,133.2197,131.4105,133.7658,123.195,128.2086,91.757,120.0468,29.7331
2021-07-14,133.3329,131.8261,135.3235,126.197,128.5815,92.0473,121.0578,30.918
2021-07-15,133.9755,132.4806,137.0557,127.9174,129.6327,92.3914,122.4569,32.3826
2021-07-16,134.43,134.7375,138.4948,129.3311,130.1107,92.2769,121.1924,32.9683
2021-07-19,134.7973,133.0526,138.0788,129.365,129.9537,92.0215,122.5437,32.2166
2021-07-20,133.2814,130.3884,136.3554,128.0346,129.341,92.1309,121.0754,30.3801
2021-07-21,132.1941,129.08,134.0553,126.3095,128.5601,92.1344,121.5414,28.7264
2021-07-22,130.4263,126.6276,133.1374,125.2748,127.1973,92.5318,121.3136,29.1457
2021-07-23,131.0591,126.8479,134.1106,125.3136,127.0573,92.1151,121.3768,29.2149
2021-07-26,130.9994,126.3924,134.9653,125.0888,126.7121,92.4877,123.3556,29.8424
2021-07-27,128.8983,123.6677,133.3507,122.6491,125.998,92.1504,123.8338,28.1432
2021-07-28,130.5554,125.2915,135.547,124.185,126.5163,91.805,122.9639,27.9348
2021-07-29,132.0808,128.1423,137.6016,125.6634,127.8787,91.5743,124.7284,29.496
2021-07-30,132.7293,128.4232,136.541,124.931,127.1362,91.6998,124.9154,28.6222
2021-08-02,132.2789,129.4809,136.0185,124.0666,126.8667,91.5164,124.2458,28.7815
2021-08-03,134.4985,130.0369,137.2993,125.7103,127.8852,91.4407,123.8735,30.4185
2021-08-04,133.9452,129.3402,136.7776,125.1353,127.3867,91.7524,124.0401,30.2825
2021-08-05,133.9166,128.3323,135.78,123.477,126.8919,91.5781,122.5705,29.7208
2021-08-06,134.6194,127.3427,136.9995,123.9342,127.1346,91.8869,122.8933,29.4901
2021-08-09,137.4776,129.1736,139.0095,127.2525,128.327,91.8154,123.4728,33.2221
2021-08-10,136.3599,128.0059,138.5277,126.2752,127.0086,91.9695,123.6417,32.9936
2021-08-11,137.8632,130.5057,140.5288,128.7882,127.8733,91.8987,123.9917,33.8285
2021-08-12,138.0281,129.8578,141.5396,131.0071,128.1129,92.0124,123.8212,35.4909
2021-08-13,138.6344,130.5409,141.9351,131.7654,127.9828,92.2086,123.1098,36.2541
2021-08-16,138.8422,131.8346,142.53,133.4864,128.0875,92.3796,123.0009,36.9622
2021-08-17,138.9742,132.9039,141.4566,133.7801,127.304,92.7447,120.8462,35.397
2021-08-18,136.8308,132.3467,139.2409,131.8719,125.8167,92.2759,120.0253,34.5961
2021-08-19,136.63,133.0812,139.1531,131.9952,125.6929,92.3855,122.3924,35.4436
2021-08-20,136.9186,132.7572,138.6114,133.1614,125.1666,92.1345,122.1058,34.8061
2021-08-23,139.511,133.0373,140.2368,135.7298,125.7838,91.924,122.5954,37.6985
2021-08-24,138.3406,130.2807,139.3822,135.3594,124.7402,91.3299,123.89,36.611
2021-08-25,139.8557,131.7582,140.389,136.5172,126.4443,91.7186,121.6437,36.2586
2021-08-26,142.2627,133.8046,141.2703,138.6551,127.6551,91.6618,121.1428,37.0176
2021-08-27,141.6899,133.5649,140.2996,137.6253,127.1143,92.0644,121.8225,36.6045
2021-08-30,142.4484,134.739,141.9358,139.539,129.0401,92.4288,122.1181,37.3539
2021-08-31,143.6805,136.5128,143.1157,139.7192,128.7841,92.5228,123.1754,39.0634
2021-09-01,141.9823,135.8517,141.6637,138.519,128.1582,92.3286,122.2533,35.6349
2021-09-02,140.7961,132.8175,140.3129,136.4421,127.4315,92.4805,121.4859,34.7631
2021-09-03,140.3159,132.9433,140.3808,135.344,127.2288,92.5149,121.122,35.4121
2021-09-06,142.6446,134.9206,141.9635,135.5035,128.2596,92.3653,118.5487,36.2088
2021-09-07,143.4825,135.0131,142.1141,135.0188,128.8416,91.9318,117.9224,38.3552
2021-09-08,143.5917,135.5997,142.2798,134.2007,128.8637,92.0595,116.8173,38.5425
2021-09-09,145.3304,138.4651,142.9395,135.2106,129.0174,92.352,117.7956,40.5671
2021-09-10,144.1685,136.0774,141.5859,133.4806,127.4586,92.4426,118.5123,39.7038
2021-09-13,142.7985,132.5627,139.4535,131.0367,125.7702,92.3817,117.5268,38.5913
2021-09-14,142.7668,132.653,138.7486,130.1919,125.6286,92.1102,115.8764,37.5274
2021-09-15,144.4355,134.4998,141.3239,132.3863,126.8738,91.6764,115.0612,40.3517
2021-09-16,144.9228,135.7322,142.5613,133.4724,127.4416,91.7011,115.9062,41.8048
2021-09-17,145.6378,136.6039,142.6321,133.8314,127.2654,91.9937,113.7159,41.336
2021-09-20,149.0009,139.6085,144.4218,136.912,129.8789,91.8946,114.5208,43.8992
2021-09-21,148.5174,142.4763,145.3102,137.4807,130.2007,91.9987,115.1013,45.7155
2021-09-22,148.7562,141.1826,145.3769,136.875,129.8279,91.5918,114.1736,44.0332
2021-09-23,148.7455,139.6274,144.8487,136.2608,128.7847,91.4413,113.0695,44.2405
2021-09-24,145.2737,135.7992,140.5653,131.4579,126.5502,91.3562,112.9564,40.0712
2021-09-27,148.001,139.478,144.0496,133.8896,128.0203,91.614,113.0655,41.9937
2021-09-28,148.509,138.6649,144.5968,134.0563,128.3999,91.4284,113.5432,41.2982
2021-09-29,149.8952,141.2451,146.9228,136.8721,130.2566,90.6197,114.1089,42.5609
2021-09-30,150.0707,141.1166,145.8619,135.9553,130.3346,91.0415,113.6547,41.1291
2021-10-01,152.1851,142.284,148.9356,138.456,131.3399,91.2901,115.8632,41.4156
2021-10-04,154.4856,144.2703,151.9675,140.863,132.0639,91.4001,117.1309,46.142
2021-10-05,157.0651,147.613,154.228,143.3821,133.6468,91.1215,116.7763,44.4703
2021-10-06,157.3737,147.8881,156.6451,145.3186,134.1753,91.2714,115.5219,44.2155
2021-10-07,154.6631,146.7554,155.4439,142.1438,132.8222,91.5955,116.1938,43.4178
2021-10-08,153.4563,144.8331,154.2319,141.4569,131.5323,91.3139,117.2673,41.3439
2021-10-11,155.0685,146.7241,156.4686,145.4015,133.4717,91.498,116.4565,42.0454
2021-10-12,156.0575,149.4437,159.1743,150.2348,135.3959,91.5138,117.7858,44.3089
2021-10-13,156.008,148.213,159.5468,148.7982,135.3905,91.1273,118.8038,42.7497
2021-10-14,157.2992,147.7343,159.6159,150.4594,135.3366,91.1481,118.2837,40.0581
2021-10-15,157.8008,148.7201,159.286,151.4892,135.2021,90.8664,118.1298,39.3353
2021-10-18,161.3003,150.4597,162.2752,155.8924,136.0535,90.3328,118.5897,40.4988
2021-10-19,161.9302,152.3914,162.995,155.9471,134.9775,90.3952,117.563,40.8691
2021-10-20,162.3292,151.1993,164.2667,157.4138,135.7994,90.0598,116.9044,40.34
2021-10-21,161.7384,149.336,163.656,156.4955,135.4223,89.9451,118.2951,40.2212
2021-10-22,157.6509,144.6104,159.804,152.5206,132.6229,89.9658,117.3158,38.0678
2021-10-25,157.0284,143.3441,158.3778,151.8103,131.6853,89.5272,117.698,36.5253
2021-10-26,157.602,144.308,160.08,154.2252,132.2199,89.4677,116.228,38.8604
2021-10-27,158.3042,146.5284,161.0219,153.4677,133.6529,89.4839,116.4536,39.6564
2021-10-28,159.3149,148.1204,160.7486,155.5468,134.0045,89.3466,118.431,41.7696
2021-10-29,158.85,145.5997,159.6985,154.5945,133.2046,89.0328,117.235,39.0427
2021-11-01,159.2171,146.8636,161.2681,155.0369,133.9401,89.1802,116.7921,39.3976
2021-11-02,162.4889,150.3159,164.9784,158.7279,136.2074,88.6483,116.5954,43.0026
2021-11-03,165.7889,154.9678,169.0107,163.5494,138.4543,88.542,117.4431,44.8925
2021-11-04,167.3028,155.3159,168.2564,162.8538,137.5724,88.1756,118.5207,44.6384
2021-11-05,167.6945,157.0708,170.2847,163.8821,139.1915,88.2656,118.6661,46.3526
2021-11-08,165.4958,153.9554,167.9328,161.5461,137.4297,88.2867,119.7035,46.6999
2021-11-09,166.7452,156.6887,169.2293,163.2309,138.698,88.1831,119.1237,50.218
2021-11-10,166.474,155.2767,169.0109,164.6421,138.647,88.5376,118.8422,49.353
2021-11-11,165.4375,154.0766,169.737,162.6981,139.1659,88.278,118.37,49.9686
2021-11-12,166.4711,155.4326,169.2609,163.857,139.0153,88.9921,118.6318,50.9592
2021-11-15,164.722,153.1338,166.3678,162.1934,137.5088,89.2001,117.8584,48.2981
2021-11-16,166.7848,154.0425,166.0856,163.778,137.497,89.0731,118.8923,47.9371
2021-11-17,168.2209,154.6571,168.3622,167.1385,138.3826,88.9929,117.9518,49.2575
2021-11-18,170.1039,154.8,170.1622,167.2045,138.546,88.4908,120.1521,50.4284
2021-11-19,170.5442,154.4342,171.2244,165.2158,138.5305,89.1165,120.1236,50.5666
2021-11-22,171.6778,154.5762,171.8504,167.1432,139.2319,89.2141,119.825,51.7144
2021-11-23,171.8152,156.4171,173.3297,168.1844,138.4264,89.4142,120.8998,51.106
2021-11-24,168.6473,152.0229,170.9408,162.9661,135.9206,89.5539,122.2878,48.5563
2021-11-25,168.5333,151.2824,172.1133,164.346,136.1116,89.1676,121.0888,49.2054
2021-11-26,167.434,151.2447,171.9113,164.0968,136.2505,89.3235,120.1578,48.2583
2021-11-29,171.2237,153.4891,174.2192,168.7942,138.1326,89.0513,118.5668,50.9348
2021-11-30,172.929,156.7683,176.4219,172.9447,139.1666,89.0653,117.9063,52.9626
2021-12-01,174.2075,159.2857,177.1029,176.31,139.9963,88.7609,117.5899,51.7707
2021-12-02,174.2626,159.6867,177.1058,177.1482,139.9853,88.7692,115.9374,51.4936
2021-12-03,172.9141,157.8292,175.6433,175.4421,138.0524,88.3789,115.2481,50.4029
2021-12-06,173.551,159.5203,177.8774,177.9289,139.0623,88.0763,114.0531,50.472
2021-12-07,174.0377,160.2626,178.4224,178.4616,139.8048,88.1329,114.464,51.5653
2021-12-08,173.1888,158.1894,177.6696,177.4817,138.9998,88.0491,116.977,50.1339
2021-12-09,172.8804,158.204,176.429,176.9563,139.7974,88.3208,117.8929,51.2086
2021-12-10,173.1106,159.5785,176.9451,177.2592,140.235,88.572,118.4838,52.9584
2021-12-13,169.8775,157.8162,176.9189,176.7414,139.1556,88.3744,118.6059,50.1445
2021-12-14,171.093,158.3886,178.6845,179.9949,138.896,88.4456,117.8953,48.7309
2021-12-15,170.1442,157.1895,178.7417,177.1757,138.8876,89.0327,118.9545,49.3129
2021-12-16,170.1691,155.8216,178.7269,177.1291,139.1443,89.7661,120.3096,50.3737
2021-12-17,172.7463,156.7361,179.2773,178.4355,139.5946,89.9506,120.1203,54.0641
2021-12-20,175.2939,160.1302,181.5369,182.6733,141.9164,89.6077,120.4617,57.7909
2021-12-21,175.7007,162.4424,183.8814,183.6658,142.9094,89.359,121.0645,57.6003
2021-12-22,177.2887,164.4886,186.4802,186.0968,143.2837,89.8346,121.2727,61.8748
2021-12-23,178.0594,166.0932,189.3891,188.748,145.3181,89.3931,122.1306,63.4118
2021-12-24,177.8825,165.926,189.5987,190.9056,144.3799,89.4165,121.2837,65.34
2021-12-27,177.2211,165.8374,188.8323,191.1161,144.8104,89.3192,121.2716,62.3414
2021-12-28,177.7817,167.4754,189.2182,193.7134,144.199,88.802,119.297,61.1606
2021-12-29,177.8615,167.4535,189.1919,194.7176,144.0342,88.4606,117.6107,64.4769
2021-12-30,173.9996,163.3579,187.0745,190.9228,141.5077,88.5308,118.5106,63.7986
2021-12-31,172.5743,162.8624,186.4109,191.2145,141.9881,88.4531,116.7491,63.4937
2022-01-03,175.5437,166.7128,189.74,199.0294,143.8147,88.6496,116.4018,67.2021
2022-01-04,175.7404,168.8319,189.7419,199.2155,143.1817,88.7914,115.9824,68.1798
2022-01-05,174.0146,166.6085,189.0401,196.8784,142.6052,88.9746,115.6308,63.531
2022-01-06,175.6904,168.5356,191.7087,196.8441,142.5638,88.369,114.2951,65.9816
2022-01-07,176.6807,169.5031,192.7601,199.2449,143.1205,88.4703,114.5764,62.9078
2022-01-10,176.0874,170.6375,192.5079,199.0685,142.749,88.3493,115.7811,62.5914
2022-01-11,174.4428,165.0089,188.8057,191.6842,139.2059,88.6547,116.6006,55.6763
2022-01-12,175.9,167.0564,189.5894,194.5476,139.1925,88.3099,114.7817,54.1628
2022-01-13,177.4149,166.8983,189.1255,193.7149,139.4072,88.224,115.7245,53.3488
2022-01-14,175.3142,164.1622,187.0048,189.4204,138.0598,88.7794,115.3018,51.4807
2022-01-17,177.6021,165.6206,187.886,189.9782,139.0998,88.9057,115.2665,52.5988
2022-01-18,179.7734,168.8601,188.8302,192.6363,140.4197,89.0753,115.1966,53.1819
2022-01-19,179.0036,165.8102,187.1872,189.525,139.5579,88.8234,114.4201,49.8613
2022-01-20,177.2051,164.8613,185.4232,188.0795,138.0016,88.8801,112.4381,47.3238
2022-01-21,176.3505,164.6869,185.0808,187.1596,138.1737,88.9395,113.0174,48.2214
2022-01-24,176.2172,164.1342,185.0884,186.2669,138.1988,89.2515,114.1229,47.7747
2022-01-25,174.0665,161.8726,182.9497,184.8367,136.7824,89.2267,114.7975,45.7248
2022-01-26,173.7762,163.6283,184.9559,186.989,137.6691,88.9327,115.2529,46.6125
2022-01-27,174.1082,163.2612,184.9271,186.6789,137.8131,89.3282,115.8756,44.514
2022-01-28,172.4922,159.666,181.8414,183.8436,136.4661,89.2033,115.927,41.7371
2022-01-31,170.1664,155.6517,178.1811,181.3425,133.846,89.6063,117.5173,39.8277
2022-02-01,170.0554,154.766,177.704,181.5033,133.635,89.889,119.0248,40.3358
2022-02-02,170.5455,155.108,178.3811,180.6617,134.001,89.9377,118.0019,42.9107
2022-02-03,168.9531,152.4986,176.7479,175.6739,132.0683,89.5532,116.4387,40.4934
2022-02-04,169.4244,154.1677,178.4029,178.6555,133.3006,89.3892,117.6467,41.044
2022-02-07,168.406,154.8921,178.9095,178.8656,133.7499,89.6277,116.1719,40.6738
2022-02-08,166.5018,153.1003,176.5286,177.8724,132.9667,89.4265,115.8757,37.9823
2022-02-09,166.5239,153.6895,176.9901,175.8122,132.6806,89.5677,116.2503,39.231
2022-02-10,164.4727,152.2052,174.687,173.4553,131.7016,89.7906,115.5744,38.0891
2022-02-11,162.6248,148.7214,172.8047,170.2984,129.2854,89.5977,115.2708,37.987
2022-02-14,164.1929,151.0924,172.8479,171.7748,130.3233,89.6773,115.8065,38.6004
2022-02-15,166.8955,155.4009,175.8065,174.6592,133.3623,89.4536,117.1543,43.3356
2022-02-16,165.3687,154.153,174.1678,173.3261,132.6746,90.0195,118.0854,42.6707
2022-02-17,167.0901,155.4744,175.1647,177.7791,133.3266,89.8447,118.0438,42.3087
2022-02-18,163.7475,153.308,171.8544,173.1733,131.1587,89.6235,116.4168,39.8423
2022-02-21,167.4523,157.8147,176.1509,176.5314,133.4589,89.2166,117.173,41.9968
2022-02-22,167.4652,157.6499,175.4904,174.2225,133.3903,88.8355,115.465,40.6653
2022-02-23,166.3044,156.7224,175.4583,173.54,133.0684,88.8485,116.3649,38.1556
2022-02-24,166.8348,156.079,174.253,172.966,132.5709,89.0144,117.6654,35.4911
2022-02-25,166.6733,158.1706,175.7779,176.0249,133.4607,88.5844,116.0786,36.5501
2022-02-28,168.1425,158.7049,176.4198,177.4427,133.0087,88.4704,117.851,39.683
2022-03-01,167.923,160.6198,176.5151,176.9963,131.8773,88.7325,117.5186,42.398
2022-03-02,168.4025,161.2653,175.2374,178.7273,131.8122,88.679,114.8815,42.9746
2022-03-03,169.9368,162.0161,176.3274,180.6331,133.0964,88.6778,116.8722,43.9808
2022-03-04,168.9215,160.346,172.746,176.8672,132.2829,88.7848,115.8303,42.6684
2022-03-07,165.6885,156.6694,170.2074,173.6539,130.0024,89.0926,117.9874,40.5112
2022-03-08,166.8126,155.8904,168.6099,173.8759,129.8687,89.1488,117.2725,39.7628
2022-03-09,168.0577,159.1208,170.2054,174.2508,131.5332,89.2806,118.1932,41.2893
2022-03-10,171.7518,162.8819,173.849,176.552,133.1593,89.0281,118.0926,43.6553
2022-03-11,170.5032,163.6832,172.5142,175.0564,132.7962,88.6904,118.4414,43.8333
2022-03-14,169.9966,165.4712,172.9765,175.9408,132.5453,88.2169,117.344,43.1433
2022-03-15,169.2304,165.5699,170.3869,173.0304,130.6205,88.6171,116.8091,41.202
2022-03-16,167.4415,164.7555,168.8196,171.4426,128.6151,88.9722,117.3602,40.8492
2022-03-17,169.3764,166.478,170.1799,174.3441,129.9283,88.8664,117.383,41.3409
2022-03-18,170.4927,168.7725,171.5126,178.5481,130.1893,88.7689,119.3639,42.2205
2022-03-21,167.8985,167.7349,170.3666,174.886,129.4661,88.5147,117.4669,40.2595
2022-03-22,167.1057,165.4458,168.787,171.7217,128.4606,88.5374,118.2167,38.7053
2022-03-23,164.982,161.5204,166.0854,169.9781,127.4385,88.4004,119.0634,36.0278
2022-03-24,166.5444,162.6195,167.8985,172.5772,128.2532,88.4599,117.8749,36.5785
2022-03-25,168.2337,169.5025,171.8304,177.5869,130.0019,88.6844,116.2311,37.5278
2022-03-28,168.7776,168.4785,173.1327,179.3687,130.0231,88.5191,114.58,35.7989
2022-03-29,169.4593,169.9448,174.2983,181.0076,130.3477,88.5995,112.9624,35.9849
2022-03-30,171.8157,174.1428,176.4931,184.1156,132.7337,89.0437,111.6623,36.9529
2022-03-31,172.1699,176.0831,176.5231,185.7688,133.0303,89.6957,112.5443,37.5047
2022-04-01,171.5967,176.806,177.121,184.5151,133.0948,89.3183,111.4119,35.6285
2022-04-04,169.4257,173.4528,173.8986,181.4748,131.9281,89.2959,109.9948,34.7008
2022-04-05,166.1779,167.3767,170.7824,177.1429,130.1893,89.3003,108.4064,31.8815
2022-04-06,167.0491,167.2774,170.4861,175.5774,129.4297,89.5424,108.9862,30.6912
2022-04-07,165.3207,164.6695,169.175,171.7621,128.0668,88.9785,107.1399,29.5254
2022-04-08,166.7104,164.6365,169.0914,173.2814,128.2222,88.8152,107.5791,29.9531
2022-04-11,168.454,167.4222,170.3787,175.4376,129.2661,88.403,106.3296,31.3593
2022-04-12,165.9132,165.9217,168.8471,172.8122,128.4088,88.5682,107.5927,30.2768
2022-04-13,165.5325,165.1517,170.0877,174.001,128.039,88.4729,106.7434,30.0986
2022-04-14,165.8489,168.3376,169.6821,176.3281,128.9267,88.2564,106.4671,30.0511
2022-04-15,165.9107,169.6422,168.7539,178.0046,128.9179,88.669,107.133,31.4847
2022-04-18,166.789,171.9592,170.0227,178.7028,130.0081,88.844,109.5333,30.6704
2022-04-19,166.4671,172.9433,169.0352,178.1096,131.0625,89.2391,108.7937,31.9716
2022-04-20,168.3377,176.0049,171.3306,181.3618,131.9796,89.0567,109.5504,33.2927
2022-04-21,171.3082,178.8233,171.4687,183.362,133.2337,89.1326,109.7302,33.4364
2022-04-22,173.749,180.5902,173.8802,185.8217,133.8108,89.4976,107.3053,33.1207
2022-04-25,174.4654,180.8575,175.0079,186.5938,133.9587,90.0991,107.4383,33.3828
2022-04-26,172.6965,177.8592,173.7314,184.8161,132.9023,89.9385,107.9762,30.8666
2022-04-27,172.1531,176.895,172.3367,183.7506,131.9727,89.7372,109.7402,31.2921
2022-04-28,174.1371,179.1166,174.9542,187.6785,134.1289,90.3649,109.9916,33.0069
2022-04-29,174.0815,174.3428,171.9501,184.5875,133.096,90.2513,111.0592,33.2778
2022-05-02,173.4391,175.5255,173.7075,186.092,133.0149,90.6659,111.1637,33.301
2022-05-03,173.6725,175.0589,174.674,187.4918,134.0248,90.8292,110.4255,33.3679
2022-05-04,175.1628,176.1167,178.5718,190.032,134.9609,91.1314,111.533,34.6481
2022-05-05,174.8298,176.3249,179.3059,191.2952,135.0142,91.2604,112.5708,35.8347
2022-05-06,169.8512,169.825,173.7988,183.6772,131.7927,91.6372,113.2383,32.927
2022-05-09,169.9347,172.1864,174.1261,185.114,133.2374,91.7263,111.0742,33.486
2022-05-10,169.36,171.4165,174.5712,185.3558,132.9959,91.9982,111.7158,33.6329
2022-05-11,169.8888,172.3145,174.8428,185.4525,133.2831,91.727,110.1861,34.8132
2022-05-12,169.5507,171.9152,174.4163,184.9693,133.082,91.764,109.3163,35.3929
2022-05-13,168.4914,172.1088,172.1795,182.1264,132.854,91.7546,108.5329,34.9447
2022-05-16,166.8806,170.451,168.7807,178.6433,131.0797,91.9672,109.4974,32.9583
2022-05-17,169.4832,172.512,168.8703,177.6373,132.5947,91.929,108.8364,32.7269
2022-05-18,167.7889,172.4242,167.9709,178.6465,132.1565,91.2773,109.3356,31.9877
2022-05-19,167.4591,174.1111,168.1659,180.6362,132.5735,91.0615,109.7919,31.7585
2022-05-20,169.4602,177.6131,170.3852,184.6382,134.5028,90.944,110.8328,33.0622
2022-05-23,170.4963,177.4896,170.9404,185.8949,134.4432,90.8282,110.2051,33.8826
2022-05-24,169.3916,176.8504,171.6214,185.9004,133.3534,90.887,111.3707,33.5112
2022-05-25,171.2336,179.7471,173.9161,188.5481,134.3969,90.7892,111.492,35.1595
2022-05-26,171.9772,180.1803,174.5044,189.8656,133.8757,90.5784,110.5145,34.8887
2022-05-27,171.5966,179.4196,173.2604,189.7415,133.692,90.1389,110.2509,33.2653
2022-05-30,174.451,181.9951,175.1586,193.0961,135.0536,90.095,112.0658,35.0953
2022-05-31,175.9081,185.2092,176.0431,197.7557,136.7541,90.3415,111.388,37.1314
2022-06-01,176.6743,185.3384,178.6735,200.2552,137.4585,90.3892,112.5159,39.4535
2022-06-02,177.728,188.2662,181.6492,201.5215,138.326,90.1087,112.5563,42.2585
2022-06-03,178.9104,188.1352,181.9167,203.7002,138.4804,90.0868,112.9395,40.4638
2022-06-06,180.3164,190.2306,183.9097,204.7293,138.9473,89.9116,113.1987,41.388
2022-06-07,180.6177,193.1949,186.4146,206.1054,139.5082,90.3878,113.2357,44.2173
2022-06-08,183.4515,195.6531,188.3977,209.5245,140.4248,90.0903,112.7233,46.6322
2022-06-09,182.7611,194.591,187.2564,206.2599,140.6174,89.4649,111.5825,46.2444
2022-06-10,180.4497,192.8732,186.8383,203.047,139.7817,89.1983,111.9303,45.2692
2022-06-13,180.9004,195.4208,188.4454,206.9025,141.2229,88.8492,112.107,47.1247
2022-06-14,178.5275,194.6659,187.1114,205.339,139.8349,88.913,112.4349,45.6573
2022-06-15,178.7449,191.846,187.6604,203.0991,138.0904,88.682,111.3317,45.2436
2022-06-16,177.288,190.6121,185.568,204.1366,137.8378,89.2586,110.5586,45.4964
2022-06-17,175.7712,189.7239,185.2145,200.5954,136.4019,88.9752,108.6978,42.9269
2022-06-20,174.2578,185.9593,183.2701,198.3545,134.4183,88.8754,108.5601,41.0752
2022-06-21,173.1775,185.8813,183.5673,198.8687,134.2212,89.4479,110.8209,41.1344
2022-06-22,173.0474,187.4222,183.268,199.7878,134.4768,89.2588,110.4796,39.2962
2022-06-23,172.2253,183.6926,183.8296,200.393,134.7807,89.3657,111.6388,40.7924
2022-06-24,173.9476,186.9547,184.9607,203.6406,135.6658,89.0158,110.2575,42.0599
2022-06-27,175.7446,187.0764,187.6896,208.0548,136.6251,88.8662,110.1774,44.481
2022-06-28,175.1631,184.8658,186.966,203.5622,135.8052,89.2271,110.675,44.7074
2022-06-29,176.0318,186.8678,188.2836,204.1566,136.3308,89.1995,112.1024,48.0408
2022-06-30,176.7811,186.6488,187.8514,203.9853,137.1968,89.2989,112.1209,47.1522
2022-07-01,178.3098,188.7809,189.3421,206.3963,139.2209,89.2309,114.0698,50.9132
2022-07-04,178.4467,190.1996,189.7996,205.9783,139.2939,88.9834,114.5086,51.1702
2022-07-05,179.4557,192.5439,187.9456,206.9462,138.4804,89.0391,113.5584,51.1088
2022-07-06,181.8357,192.7617,189.4058,208.8149,138.1799,89.2132,113.7602,51.1844
2022-07-07,180.649,196.123,189.5891,206.8382,137.6568,89.1242,113.2664,50.7397
2022-07-08,178.9195,194.9145,187.8302,202.7266,136.0791,89.0627,114.0958,50.1184
2022-07-11,178.3976,194.3345,187.6011,205.0814,135.7721,89.2047,115.0167,48.9249
2022-07-12,178.7656,195.0003,187.546,206.3009,136.6514,89.5211,115.0359,49.7377
2022-07-13,182.8306,198.0716,190.8524,212.3883,138.8867,89.6538,115.4924,53.8408
2022-07-14,185.1103,200.3688,192.9832,215.3274,139.9041,89.6248,114.2782,56.2895
2022-07-15,188.1635,206.5374,197.9689,220.0173,143.2781,89.3622,114.2489,63.2316
2022-07-18,186.3181,205.6787,197.066,218.0618,142.0135,89.5149,113.7625,63.7803
2022-07-19,188.5375,206.1298,197.7992,219.2289,141.9352,89.1991,113.701,63.9437
2022-07-20,185.6682,201.9594,195.5047,213.3075,139.5174,89.7107,115.3842,58.7111
2022-07-21,183.3631,199.8526,192.3924,209.5388,137.8093,89.9227,112.5435,52.1102
2022-07-22,181.3003,198.9718,190.9144,204.9737,137.0078,90.1642,112.3433,50.2186
2022-07-25,182.1013,201.743,192.427,207.8075,137.9452,90.04,111.3233,51.4385
2022-07-26,181.635,200.8192,192.8601,208.1489,138.4022,89.6075,111.6756,50.4587
2022-07-27,180.3023,197.9659,192.4827,207.487,137.3141,89.3217,111.457,48.6322
2022-07-28,183.2019,199.149,192.4495,209.0016,138.0975,89.3477,112.3733,53.0125
2022-07-29,182.6601,197.7029,189.8751,207.3708,137.8282,89.3061,113.6222,52.442
2022-08-01,185.344,201.3067,191.337,209.7423,138.2203,88.8003,113.6885,55.1596
2022-08-02,188.8499,205.2826,194.1534,212.5591,140.5584,88.8673,113.2046,58.7586
2022-08-03,189.9061,203.6062,194.8946,213.0402,140.4719,88.7596,115.1293,62.2525
2022-08-04,193.2638,205.6521,196.534,217.6044,141.2043,88.5335,113.0407,67.0476
2022-08-05,195.2675,208.6463,198.7625,220.078,142.199,88.6823,112.4305,71.3738
2022-08-08,194.4138,206.304,198.9611,218.6622,142.0502,88.5904,109.8576,70.6181
2022-08-09,192.0079,205.2515,195.7904,212.7476,140.7018,88.7619,109.9741,65.6598
2022-08-10,193.6796,204.8745,195.9862,212.3372,140.6969,89.0054,109.4502,66.9138
2022-08-11,195.0073,203.7181,195.0019,211.5452,140.2025,89.1082,107.4195,67.2016
2022-08-12,196.4377,205.0488,194.6795,212.5596,140.3148,89.2671,107.4546,69.3441
2022-08-15,195.6884,206.4511,192.3928,210.0921,140.0845,88.8706,107.9683,66.0041
2022-08-16,195.9143,205.2781,191.661,209.7059,139.7905,88.7828,110.233,66.3792
2022-08-17,194.1798,204.7683,191.5469,210.4419,140.6287,88.5348,111.2413,68.8078
2022-08-18,194.2335,205.2059,188.635,208.3982,141.1554,88.0624,110.3273,68.1108
2022-08-19,195.346,209.0192,188.5902,210.2727,142.4957,87.6871,110.1147,73.3327
2022-08-22,197.8452,212.7358,188.2493,212.3766,143.728,87.5854,110.0558,82.3297
2022-08-23,197.4986,210.7848,187.7355,210.819,143.0366,87.5872,110.8705,82.1434
2022-08-24,195.3224,208.0967,186.391,207.5231,142.573,87.8406,109.871,80.4369
2022-08-25,199.0725,214.8777,190.1888,214.759,144.857,87.383,110.3788,86.2033
2022-08-26,200.0966,216.0138,191.3585,215.4046,145.712,87.606,110.5029,89.7345
2022-08-29,196.8298,210.9935,189.7805,214.017,144.4125,87.6274,109.0338,86.8377
2022-08-30,198.337,210.3452,190.8478,215.7779,145.2214,87.3141,109.4681,84.0895
2022-08-31,201.2014,213.8026,192.0634,221.0527,147.5518,87.1016,111.8817,85.9484
2022-09-01,201.8532,216.4649,190.8554,223.2786,147.9611,87.0968,110.7211,87.0231
2022-09-02,199.802,212.5547,188.2603,217.6946,147.244,86.7868,109.5906,82.3067
2022-09-05,199.8633,213.8987,189.5596,218.3438,147.4484,86.7968,110.5269,85.222
2022-09-06,198.9448,209.56,189.9767,218.0385,147.0235,86.9153,109.9941,81.3155
2022-09-07,198.3749,208.5659,188.7686,214.5803,146.0874,87.104,109.5223,79.6823
2022-09-08,194.5841,203.9943,185.47,207.7364,142.6447,87.2965,108.5871,75.6444
2022-09-09,193.8659,204.1481,184.8659,204.9448,142.1234,87.231,109.2254,73.9112
2022-09-12,193.1999,204.7238,185.9313,206.4167,143.0668,87.3549,110.1765,77.066
2022-09-13,193.9914,205.7136,186.7664,211.0842,143.946,87.2777,109.7943,78.3107
2022-09-14,194.4926,204.5216,184.6283,210.3176,142.4791,87.3773,109.9666,79.8503
2022-09-15,197.6403,208.6305,186.8088,212.5506,143.5422,87.3594,107.8229,81.772
2022-09-16,197.6717,209.6821,186.8291,213.0795,143.2746,87.2409,105.8763,81.1667
2022-09-19,200.6405,213.3021,189.6894,215.6376,145.7873,86.9949,106.6969,85.1408
2022-09-20,198.8846,212.9559,188.8182,214.5075,145.5183,87.0136,106.2753,85.0083
2022-09-21,198.1794,212.2526,187.6102,211.0908,144.3736,86.9113,106.1751,86.2102
2022-09-22,195.094,208.9299,182.983,204.7585,141.8171,86.3734,103.7517,80.3129
2022-09-23,195.2907,208.972,182.2987,207.6763,141.9588,86.1455,105.3742,82.841
2022-09-26,194.6605,210.136,182.545,208.8203,142.3054,85.8734,106.2446,83.8785
2022-09-27,192.8653,206.8703,181.684,205.8847,141.2561,86.0897,106.442,78.1488
2022-09-28,194.0834,209.744,183.9957,210.9408,142.903,86.2707,108.3586,81.2043
2022-09-29,197.3478,216.3244,188.3127,219.7199,146.2965,85.9657,109.6074,88.3685
2022-09-30,198.1744,217.5423,190.4721,222.4764,146.7522,86.0861,110.5431,88.5888
2022-10-03,197.4167,216.0259,189.0423,221.3957,146.795,86.6216,112.1818,91.4043
2022-10-04,199.6153,220.8077,191.1433,226.3075,148.7329,86.5513,111.7579,93.4428
2022-10-05,199.1648,218.2268,190.6914,224.9058,148.2456,86.6684,112.6066,91.0353
2022-10-06,199.0192,215.4184,187.4922,219.2031,147.8337,86.2169,112.7533,92.1675
2022-10-07,198.2142,217.1452,189.5628,221.8855,150.0696,86.3708,112.1126,95.4347
2022-10-10,197.4444,214.1284,186.9921,222.7949,148.9328,86.3989,111.3439,93.4673
2022-10-11,197.0689,213.0442,185.2873,219.1599,147.6408,86.5159,113.6944,95.7286
2022-10-12,200.5737,217.9063,188.2845,222.0369,149.5768,85.9026,113.1079,104.2798
2022-10-13,201.2868,220.6342,189.0765,221.5744,149.7971,85.8006,114.4622,112.5769
2022-10-14,199.979,218.5453,187.7425,219.0356,148.0949,85.8702,114.8752,111.3821
2022-10-17,197.8125,215.8731,184.252,216.7651,146.0223,85.855,114.2728,105.0945
2022-10-18,195.9474,210.9079,183.6696,214.2795,145.0186,86.4707,114.5219,104.5271
2022-10-19,196.0952,213.0265,184.9327,216.2192,145.555,86.5486,115.9944,100.5638
2022-10-20,195.9683,212.2564,184.3806,212.656,145.498,86.3515,115.6059,97.6148
2022-10-21,193.0122,208.1882,180.0389,206.3717,143.0372,86.4321,115.5897,91.9719
2022-10-24,197.0657,213.6073,182.3234,210.3827,144.7122,86.3507,115.0339,93.6696
2022-10-25,200.278,217.4474,184.6006,213.9832,146.2954,86.7036,115.9872,101.6091
2022-10-26,194.5783,211.4249,181.3634,210.6188,143.8873,86.324,116.2686,94.012
2022-10-27,191.427,206.857,179.642,208.5054,142.85,86.1,118.9915,88.8387
2022-10-28,191.4043,204.6379,180.2722,208.744,143.3151,86.1456,118.9897,89.3155
2022-10-31,188.1391,202.4885,179.0696,205.2807,142.0057,86.284,120.9048,88.6088
2022-11-01,188.3388,201.9996,177.6042,203.6854,141.6621,86.2493,120.9933,89.764
2022-11-02,189.2452,203.5247,179.1749,205.7361,142.4821,86.3775,119.143,94.2512
2022-11-03,187.0865,202.3939,177.9183,205.3436,141.8132,86.1657,120.2755,93.5928
2022-11-04,187.4339,202.9922,179.2901,207.6519,142.5928,85.7557,119.6187,94.7769
2022-11-07,190.7851,207.5467,182.2062,214.2166,144.8021,85.7138,120.0177,95.8253
2022-11-08,192.6694,210.493,183.76,215.297,146.0032,86.088,119.6677,95.3026
2022-11-09,193.5893,209.1119,181.6124,213.6102,145.0845,86.0551,119.0144,94.6055
2022-11-10,193.3418,207.97,180.767,213.6998,145.4442,86.33,120.0939,86.0215
2022-11-11,191.6774,205.6592,179.5812,209.1389,145.193,86.466,119.444,84.2144
2022-11-14,191.2105,204.0395,179.4297,207.6836,143.9096,86.3373,119.2466,80.259
2022-11-15,193.6668,205.2321,182.6947,212.3201,144.9247,86.3612,120.8652,83.4359
2022-11-16,191.6622,203.2331,183.2016,208.7409,144.4825,86.4126,120.7811,81.0263
2022-11-17,191.256,204.4704,184.084,208.0072,145.6762,86.0822,121.4572,82.3384
2022-11-18,193.6128,207.8235,187.3798,211.9558,148.1018,86.1559,124.3724,85.6965
2022-11-21,195.9951,211.4042,189.8837,214.8053,149.9816,85.7484,122.6136,89.881
2022-11-22,193.3224,210.7196,188.2402,212.9365,149.1007,85.9169,122.4144,87.0367
2022-11-23,193.2815,212.4672,190.0258,216.4139,150.256,85.8706,120.5176,89.8142
2022-11-24,195.0156,213.9682,192.239,220.9911,151.6888,86.1526,121.2828,88.5286
2022-11-25,194.34,212.6379,192.1387,218.8947,150.9612,85.9386,121.1388,87.5303
2022-11-28,196.3338,216.3876,194.54,222.8648,152.6747,85.9598,123.2505,85.2939
2022-11-29,196.2045,216.8707,195.9216,222.016,153.1442,86.2179,123.0069,81.0954
2022-11-30,195.7344,214.4839,195.7122,219.6264,153.7667,86.2977,122.1504,78.9489
2022-12-01,193.9189,213.1102,196.0751,218.1741,153.8866,86.0859,122.4375,83.906
2022-12-02,191.5521,212.4264,196.0496,213.9566,152.0476,85.8826,123.488,81.1964
2022-12-05,191.4406,213.5541,196.5835,214.9788,152.2072,86.2097,122.8904,85.996
2022-12-06,191.0197,211.8912,196.6129,215.0003,150.697,86.3132,121.3827,82.4354
2022-12-07,192.6335,212.5288,198.0815,216.2372,152.7655,86.2929,120.1219,81.0747
2022-12-08,191.1737,211.1253,196.9877,216.084,152.3283,86.3717,120.6076,80.0431
2022-12-09,191.8774,213.3185,198.9835,217.3782,152.0425,86.1662,120.9287,75.405
2022-12-12,191.1854,213.3209,198.1176,214.9986,152.7632,86.5751,120.9646,78.2963
2022-12-13,193.7099,214.5822,202.7715,217.4772,154.2303,86.266,121.0287,77.8735
2022-12-14,193.8544,216.6072,203.8312,218.3891,155.8631,86.0314,122.1552,78.8374
2022-12-15,194.4012,217.3948,204.5789,219.2605,155.7801,85.8951,122.6816,79.3027
2022-12-16,192.4179,213.9615,201.7431,215.7721,154.3747,85.9805,121.8916,76.4162
2022-12-19,190.0744,206.6926,198.1216,208.063,151.1012,85.7476,122.3265,69.205
2022-12-20,190.686,206.6876,197.1442,205.6545,151.1315,85.8761,123.3835,73.1792
2022-12-21,191.2756,207.8472,197.731,206.7677,151.3863,85.6417,125.7405,70.5538
2022-12-22,191.8202,209.2017,198.6463,206.4932,151.6549,85.5235,124.3639,70.4203
2022-12-23,191.1529,207.5685,198.5194,204.0272,151.3625,85.3856,124.7567,69.7032
2022-12-26,191.6434,206.6005,197.6113,202.302,151.1258,85.6039,126.2362,68.6742
2022-12-27,191.8416,204.308,194.5826,199.0759,149.6162,85.2274,123.656,66.7834
2022-12-28,190.4276,200.1291,194.9117,197.3812,148.5269,85.4384,122.7942,68.2553
2022-12-29,187.7056,195.1172,191.6969,191.9836,147.2347,85.0687,121.4599,64.8106
2022-12-30,188.7099,197.6775,193.4169,197.0244,148.2609,85.0852,122.5732,66.4167
2023-01-02,188.1844,196.3511,192.0071,194.109,147.0893,84.6984,122.6428,61.7448
2023-01-03,191.8618,202.9671,197.2157,199.9078,149.6089,84.9493,123.2193,67.2636
2023-01-04,190.5391,203.0289,195.7086,198.7343,147.8858,84.7945,123.6017,65.0327
2023-01-05,189.7058,203.2094,195.247,199.8678,146.251,84.9517,124.2528,61.6784
2023-01-06,187.3636,201.7844,192.4617,196.1099,145.202,84.8955,124.6304,58.1454
2023-01-09,187.8466,203.9113,193.7123,194.4561,145.9406,84.8965,123.4907,60.7215
2023-01-10,184.7474,203.0867,191.2159,193.7393,144.7966,84.5702,123.2164,59.3543
2023-01-11,185.6478,205.693,191.5537,195.7434,145.9823,84.4734,122.0119,58.2551
2023-01-12,186.9167,208.3544,192.1467,195.5164,147.3531,84.0423,121.8844,57.5006
2023-01-13,183.8098,204.7653,189.2119,193.5223,147.1363,84.024,122.9408,57.592
2023-01-16,182.8609,202.2263,189.5054,191.8013,146.481,83.9595,122.6176,55.4619
2023-01-17,184.1057,205.5389,190.7863,192.0358,147.3352,83.5456,121.5421,58.0441
2023-01-18,188.1199,210.8264,193.3346,197.6847,148.2294,83.3082,123.3083,62.6277
2023-01-19,185.6462,205.1962,191.1173,193.6142,145.9369,83.4608,122.5046,56.1209
2023-01-20,187.0149,205.7147,190.8742,192.4119,146.1973,83.2438,123.0479,55.7885
2023-01-23,188.8764,207.2058,191.5423,191.2703,145.943,83.4181,126.9168,55.1608
2023-01-24,186.9952,205.4375,190.4988,188.4311,144.9582,83.023,126.0923,54.7905
2023-01-25,189.8429,208.4236,192.54,192.0372,147.2107,83.102,125.2919,57.3037
2023-01-26,191.5312,209.1872,192.1667,193.4945,147.9104,83.3355,125.5579,56.9319
2023-01-27,190.7012,206.5294,189.8864,190.4749,146.4227,83.6529,124.1247,54.8249
2023-01-30,189.6072,207.492,189.9091,189.7104,146.7686,83.6691,123.4916,57.0031
2023-01-31,190.8412,211.5859,192.9818,193.8131,148.4841,83.3431,124.1918,59.3254
2023-02-01,192.0242,212.895,193.2169,193.4106,149.268,83.6668,124.0638,60.7058
2023-02-02,194.5078,214.4101,194.4969,193.9417,150.8905,83.7091,123.56,58.8611
2023-02-03,194.1552,215.5339,194.3491,193.417,151.2855,83.3868,123.3417,59.671
2023-02-06,192.7195,212.4402,192.9004,191.0246,150.0034,83.4691,123.5417,56.4996
2023-02-07,191.5005,211.6552,193.2015,192.1255,149.3198,83.7599,124.6282,56.4685
2023-02-08,192.3659,213.9423,196.2064,192.9871,150.6957,83.6983,124.3721,59.6682
2023-02-09,193.8376,213.9964,196.6108,194.0908,150.2161,83.918,124.4296,60.335
2023-02-10,194.4416,217.5778,198.0826,195.5297,152.2693,83.7618,123.7242,59.0128
2023-02-13,196.4143,220.3273,200.4078,198.4124,153.5328,83.528,122.6726,61.0656
2023-02-14,196.6405,223.2543,200.6211,198.7612,153.2963,83.8806,121.4449,62.5799
2023-02-15,199.3029,226.1914,203.6152,199.0777,154.3268,83.424,121.3778,64.0177
2023-02-16,197.8789,226.0094,203.2351,197.4492,153.4715,83.0625,120.8204,66.8174
2023-02-17,196.5743,225.0798,201.692,197.0123,153.1442,83.0198,118.6236,64.081
2023-02-20,198.7966,227.3336,204.1598,198.9901,153.1466,83.1088,119.1091,64.5353
2023-02-21,198.1173,226.9509,203.0463,198.5456,152.6306,82.5185,118.4584,62.2165
2023-02-22,196.5839,225.7118,201.3647,197.4919,152.5728,82.5748,116.6411,59.3289
2023-02-23,198.2785,227.306,201.8057,198.7467,153.5877,82.6277,117.4529,59.0602
2023-02-24,197.7843,226.2359,201.1943,195.0268,152.7008,82.3085,118.759,60.996
2023-02-27,200.9302,231.4346,203.8084,200.3237,154.703,82.4192,117.9236,62.5267
2023-02-28,201.8241,235.5971,205.5004,205.8345,158.0877,82.0546,117.7432,63.0182
2023-03-01,201.5839,234.327,204.9096,206.4521,158.5315,82.1285,117.7785,63.0837
2023-03-02,201.8476,235.6309,205.4417,207.8858,158.0775,82.3304,119.9714,64.5663
2023-03-03,199.2257,234.6962,203.5203,201.2725,156.3159,82.5301,120.4405,64.7804
2023-03-06,200.4135,236.3815,202.4567,200.2536,156.5455,82.7072,119.3562,63.4153
2023-03-07,201.3258,234.1351,200.1046,198.6802,156.0732,82.606,116.5672,61.529
2023-03-08,198.871,232.199,198.2483,196.5889,155.3361,82.5043,117.3578,62.4578
2023-03-09,199.6413,235.4648,198.9297,199.4014,156.4587,82.2367,117.1329,62.5298
2023-03-10,198.6445,234.339,199.2506,198.2944,156.1779,81.8789,116.9631,63.8962
2023-03-13,200.1885,237.0995,200.2507,198.8102,156.9129,81.529,115.3461,66.0095
2023-03-14,198.5106,238.1369,198.2371,198.0728,155.5384,81.5976,114.1594,64.5375
2023-03-15,198.2533,236.9818,198.3163,199.742,155.1873,81.8298,114.4065,64.5466
2023-03-16,202.3973,238.34,199.9457,200.1185,156.1435,81.7526,118.7938,68.3633
2023-03-17,205.8609,245.0394,203.0756,205.5615,159.7458,81.742,119.2095,73.6426
2023-03-20,203.0154,239.9397,200.598,202.5207,157.3333,81.711,118.8972,70.0902
2023-03-21,204.3695,241.8138,201.9664,202.2019,157.235,81.7883,117.1216,70.6659
2023-03-22,203.137,238.7721,201.1784,199.4737,155.6792,81.6486,116.9957,74.6526
2023-03-23,199.1656,233.7292,197.5338,196.0413,153.2387,81.0821,117.9399,68.6638
2023-03-24,199.0706,231.1857,195.5566,193.7271,152.9304,81.3177,117.3398,68.2833
2023-03-27,198.3872,230.4896,195.1776,193.8714,152.2861,81.2955,117.5278,67.9238
2023-03-28,196.914,231.5918,194.3203,194.1577,152.1852,81.6132,115.2043,71.0172
2023-03-29,196.5225,228.9215,193.4543,195.8981,152.2234,81.3095,114.4174,72.9049
2023-03-30,193.9488,225.3666,190.8602,195.5137,150.7322,81.677,113.789,68.8558
2023-03-31,195.7837,228.6535,190.8994,198.165,152.1378,81.498,113.9542,70.9615
2023-04-03,194.8885,226.4851,189.1355,195.9163,150.3203,81.5158,112.1881,68.5312
2023-04-04,194.7276,224.4752,189.3073,197.9517,151.1967,81.1678,113.3404,69.3965
2023-04-05,194.6234,223.2876,188.8727,199.2361,151.4736,81.0651,112.487,68.0063
2023-04-06,195.6879,227.6965,189.5778,201.3076,152.2349,80.854,112.8137,70.5648
2023-04-07,193.0953,222.683,188.0773,198.3133,150.9835,80.7658,112.1887,68.662
2023-04-10,192.1884,219.6727,186.7285,197.5775,149.5054,81.0549,113.07,65.8398
2023-04-11,192.1919,219.5485,187.3048,198.6671,148.8588,80.7171,113.9487,66.1521
2023-04-12,192.9342,220.9449,189.5987,198.7201,150.2226,80.4948,114.6296,70.1438
2023-04-13,190.4456,218.5051,187.3904,195.388,148.8045,80.2688,113.2501,68.405
2023-04-14,191.9467,219.3499,186.8608,199.2528,150.2143,80.3395,112.1839,68.0345
2023-04-17,192.3726,218.2383,188.3048,199.8907,150.7212,80.0783,110.9931,66.2041
2023-04-18,192.8597,218.3355,188.2457,200.5043,151.0157,80.4432,111.0119,64.5667
2023-04-19,192.8292,220.633,188.3521,201.2582,151.1332,80.5378,111.3449,63.5246
2023-04-20,192.4114,221.6115,189.5352,203.1406,152.1361,80.4437,110.8881,65.7767
2023-04-21,190.318,218.8884,185.857,199.0486,149.9302,80.1908,111.1805,61.5776
2023-04-24,189.6622,217.6097,184.4205,199.6052,149.1719,80.253,109.7475,59.4434
2023-04-25,189.0866,216.3552,183.1845,198.5176,149.5977,80.2312,109.5251,58.045
2023-04-26,193.5837,224.4639,188.2116,206.44,152.5529,80.1165,109.8671,62.8264
2023-04-27,192.0467,221.2234,187.0256,204.5287,150.1404,80.172,111.1558,60.1931
2023-04-28,192.4705,219.3104,187.451,202.6938,149.0569,80.1064,113.645,59.2248
2023-05-01,190.2285,217.2757,186.0021,202.5975,147.3878,79.7418,112.932,57.9846
2023-05-02,190.8562,219.7474,185.5455,202.2471,147.5686,79.9439,113.5895,57.802
2023-05-03,189.057,218.9131,185.3779,204.8197,147.3044,80.3499,112.5038,56.3783
2023-05-04,187.8733,216.6539,183.2727,201.7256,146.1336,80.2693,113.0595,54.7825
2023-05-05,187.8692,218.9748,184.2556,203.075,146.6814,80.2736,113.7064,54.3131
2023-05-08,189.8702,224.0036,187.8122,206.5309,147.5144,80.1285,113.863,57.7433
2023-05-09,189.5491,223.0453,188.8754,205.5538,148.0947,80.353,112.5302,57.8246
2023-05-10,188.5734,220.2169,185.7096,200.4901,146.8127,80.2962,112.6531,54.0221
2023-05-11,188.0142,219.028,183.5622,196.54,146.073,80.3587,111.5803,52.2576
2023-05-12,189.1703,223.423,184.5117,199.6485,148.5929,80.3427,113.2488,50.457
2023-05-15,191.7245,226.5719,184.7469,202.9656,150.4565,80.612,114.8389,52.4557
2023-05-16,190.4004,224.084,183.3673,201.4531,149.2433,80.6497,115.7517,51.9826
2023-05-17,194.4897,232.8618,186.6115,206.7192,151.1684,80.3021,116.2755,53.5266
2023-05-18,192.6103,229.9475,185.6947,203.9547,149.8443,80.5588,116.8871,53.0405
2023-05-19,194.3111,230.3228,186.7737,204.4231,151.0676,80.7473,115.8576,55.7265
2023-05-22,192.2142,229.6059,185.7937,201.4779,149.4156,80.6998,115.6886,53.0769
2023-05-23,193.2213,228.4445,185.8931,201.6003,148.2873,80.783,114.2868,48.6709
2023-05-24,192.1205,226.6168,185.7358,199.731,148.6113,81.1551,115.721,50.5578
2023-05-25,192.7459,226.4088,186.5864,201.6526,149.1981,81.0849,113.9108,51.4983
2023-05-26,193.3761,224.9518,186.5264,202.4463,149.1496,81.2834,114.8676,49.5462
2023-05-29,192.8317,225.0336,187.1962,204.4713,148.1606,81.2689,115.6356,51.5153
2023-05-30,195.8869,227.1937,188.8415,205.7812,149.8434,80.9089,116.7855,54.6383
2023-05-31,196.7768,224.5704,187.7661,205.9187,148.626,80.8627,116.5656,55.3024
2023-06-01,197.2933,225.606,187.8441,206.471,148.8056,81.041,116.4763,57.3097
2023-06-02,194.187,223.7611,185.703,204.9959,147.6284,81.2875,118.2543,55.3219
2023-06-05,194.3272,223.593,185.9031,202.734,147.3066,81.2324,117.2537,54.283
2023-06-06,191.543,222.4318,184.7141,203.1231,146.0037,80.9625,117.2832,50.4318
2023-06-07,191.9403,221.6982,184.326,203.2068,145.9591,81.4332,118.3182,48.8058
2023-06-08,193.695,221.5725,185.1476,202.5495,145.7696,81.7601,117.8916,48.0614
2023-06-09,192.6691,219.7449,185.5399,199.9583,144.4008,81.926,116.0836,46.2171
2023-06-12,194.6986,222.1499,186.6787,201.1005,144.7142,81.7565,116.1335,48.717
2023-06-13,196.4391,223.2498,187.0315,203.3232,144.2594,81.6324,115.6621,47.392
2023-06-14,194.5905,221.5024,184.0021,199.1695,142.4325,81.688,113.9883,46.6836
2023-06-15,193.9866,220.2473,182.961,197.0115,141.1833,81.9929,114.3108,45.7533
2023-06-16,195.7373,221.0859,184.5595,198.7279,141.4189,82.1611,112.7471,46.9547
2023-06-19,194.0618,219.6221,184.6754,198.2438,140.57,82.1597,112.2254,44.4887
2023-06-20,191.9932,217.0731,183.4408,193.4398,139.1892,82.3133,112.2686,41.7147
2023-06-21,193.7581,217.0933,184.8116,196.9217,138.7957,82.3507,112.5961,42.597
2023-06-22,192.2784,214.6843,181.9775,194.2755,137.8695,82.2004,111.2972,40.3128
2023-06-23,192.1524,214.4816,181.6804,193.9775,136.9341,81.5072,111.3711,41.3994
2023-06-26,189.5278,210.1646,179.4046,191.5646,135.794,81.8515,111.3388,40.3733
2023-06-27,190.1319,210.0496,180.7078,193.0851,136.771,81.7243,112.3116,39.7124
2023-06-28,190.7029,206.5263,178.8341,192.234,135.7902,81.7724,110.4241,40.2199
2023-06-29,191.631,207.4007,179.8258,193.6764,137.1223,81.7921,108.8153,40.0981
2023-06-30,193.7901,210.6187,181.2836,197.0268,138.4164,81.8957,107.2081,39.8137
2023-07-03,194.8568,211.3447,182.2302,200.7379,138.9668,81.9215,106.5968,39.519
2023-07-04,194.592,208.6243,179.1802,200.0479,137.9699,82.2124,106.746,38.765
2023-07-05,195.6701,210.8123,179.0865,202.7482,138.0169,82.2336,109.3792,39.8623
2023-07-06,198.5731,213.4384,181.6396,206.1051,139.6978,81.9636,108.2365,41.2838
2023-07-07,195.6,208.568,179.3942,201.0366,137.2694,81.7231,107.9836,38.6038
2023-07-10,195.742,208.2823,181.0473,201.0305,136.327,81.7366,107.8944,38.6345
2023-07-11,192.7394,206.4382,179.0436,197.8905,134.0824,81.8795,107.7093,38.5634
2023-07-12,191.8775,203.4383,177.7728,194.5449,133.2849,81.6207,107.2296,37.0472
2023-07-13,191.6921,202.3084,176.4998,193.28,132.4366,81.6588,106.8308,33.9894
2023-07-14,191.4582,203.964,177.1085,194.6447,133.0274,81.5161,105.3036,34.689
2023-07-17,193.192,206.6364,179.0066,197.5758,134.111,81.5382,105.3148,35.9315
2023-07-18,191.405,203.5053,177.7002,194.5311,131.592,81.5922,102.8658,35.9708
2023-07-19,192.5418,205.6488,178.1629,194.3122,131.8793,81.5713,102.0333,36.2008
2023-07-20,193.629,207.6417,178.2041,192.4616,132.0309,81.3911,102.2773,38.0097
2023-07-21,196.4171,211.1227,181.4447,198.3599,133.8938,81.3937,103.1615,39.9448
2023-07-24,195.4216,208.7026,180.1994,195.6029,133.4324,81.3224,104.4187,40.6726
2023-07-25,193.1443,207.5934,178.4195,195.0871,132.9008,81.321,104.952,39.2616
2023-07-26,193.6282,208.6023,178.7392,196.1724,132.6536,81.4413,103.7741,39.8284
2023-07-27,194.3724,210.4125,179.0404,201.2014,133.3525,81.4484,103.0339,42.0801
2023-07-28,193.4839,210.7832,177.8441,200.6552,132.7912,81.6793,102.812,40.5542
2023-07-31,194.2162,209.7336,176.9286,201.1663,131.6533,81.868,102.4703,39.0794
2023-08-01,194.5984,211.0433,176.9154,201.4416,132.2948,82.0407,102.5064,38.4967
2023-08-02,192.9266,208.146,175.9095,199.9411,131.5972,82.4021,102.3463,37.2503
2023-08-03,192.245,210.1497,174.3417,199.8385,131.6861,82.4212,104.5871,38.8744
2023-08-04,193.5658,210.2842,175.3754,200.4488,132.1401,82.4609,104.1479,39.8703
2023-08-07,196.4034,215.1133,178.2048,202.0372,134.2588,82.6828,104.2022,41.0579
2023-08-08,197.5753,215.2058,179.456,201.7153,134.0992,82.686,102.7997,40.9124
2023-08-09,198.5394,214.2868,180.444,201.5504,134.594,82.7385,102.4042,40.4275
2023-08-10,195.5874,209.8307,177.138,199.3685,133.5304,82.4557,102.8784,39.0957
2023-08-11,194.9674,209.7929,177.5762,198.5045,133.2737,82.5084,101.9575,38.9011
2023-08-14,194.8702,208.662,176.4432,197.9442,133.3989,82.6051,101.1877,39.2476
2023-08-15,195.2098,209.9194,178.0212,198.0453,133.7724,82.4581,100.3076,41.6687
2023-08-16,196.8856,209.204,178.9212,198.258,134.7545,82.4754,100.1886,42.2661
2023-08-17,197.6046,210.0579,179.2996,198.8404,135.3672,82.203,100.047,42.3606
2023-08-18,196.8095,210.2427,177.8568,197.3693,134.4353,82.3595,99.6718,41.7188
2023-08-21,197.5315,208.694,178.1147,196.3353,134.1877,82.3464,100.4069,42.5894
2023-08-22,200.6877,212.5144,180.1946,199.2661,136.0599,82.7005,101.0565,43.8764
2023-08-23,201.2289,213.5079,180.7645,199.0978,134.9211,82.5814,101.9768,44.302
2023-08-24,197.3989,209.1806,176.1821,196.4568,133.046,82.3556,102.4541,41.1973
2023-08-25,198.4336,210.3797,175.9355,198.0437,132.7306,82.682,102.7387,40.4276
2023-08-28,195.3377,209.2515,175.59,194.4865,132.6491,82.7554,102.5176,39.4072
2023-08-29,194.9286,210.9012,176.05,192.6603,133.799,82.9734,101.6401,39.0426
2023-08-30,193.4317,209.2402,175.2749,191.4115,132.8361,82.8094,102.2918,38.2933
2023-08-31,197.3655,212.5647,178.672,195.8276,134.356,83.099,102.7261,39.3245
2023-09-01,196.8644,213.5144,177.646,197.202,134.7524,83.0395,103.9995,41.6636
2023-09-04,197.9621,215.0407,180.2549,201.3745,135.4055,82.9705,103.8274,42.2081
2023-09-05,195.4119,213.4422,178.762,199.1124,135.1897,82.8669,103.648,41.4911
2023-09-06,194.718,212.4639,178.8748,198.5144,135.6933,82.6976,103.7312,39.6715
2023-09-07,194.5671,211.2301,179.6902,199.4096,136.0574,83.1546,105.444,41.1409
2023-09-08,193.431,207.7658,178.1249,196.5648,134.6327,83.1252,103.7272,41.1965
2023-09-11,191.5308,204.6059,176.8535,191.9804,133.855,83.3992,103.5118,38.7226
2023-09-12,190.7761,201.073,176.6921,190.4968,132.7848,83.2072,103.8973,39.6321
2023-09-13,188.6715,197.8915,173.2157,187.784,131.3913,83.8174,104.0553,37.8291
2023-09-14,187.5309,197.8158,171.2698,187.2831,130.9986,83.717,103.0782,38.1647
2023-09-15,190.7324,200.7757,174.0461,193.2012,132.5352,83.6138,101.9707,39.503
2023-09-18,190.6451,200.0741,173.1432,190.4593,131.2979,83.4001,102.4124,38.2801
2023-09-19,189.2454,199.4424,172.8554,188.5194,130.4445,83.5914,102.8447,36.9124
2023-09-20,189.7066,199.916,174.2082,188.3858,131.2572,83.6977,101.9662,38.2462
2023-09-21,191.3174,199.8177,176.6861,188.7295,131.4174,83.6117,102.7042,39.5878
2023-09-22,191.2063,201.6699,177.5998,191.4733,133.6071,83.6448,100.3083,39.3894
2023-09-25,189.4058,199.7755,176.3124,187.882,131.9197,83.622,100.0261,35.3189
2023-09-26,191.1389,201.7687,177.7027,190.2949,132.3088,83.5958,101.073,37.4593
2023-09-27,191.9978,202.3207,177.4997,192.4859,133.0039,83.4866,98.9522,36.3844
2023-09-28,188.6863,200.4211,175.6363,188.5434,131.4539,84.2007,100.4547,34.1586
2023-09-29,188.5105,198.4115,173.3546,187.0006,132.0672,84.6286,100.722,33.469
2023-10-02,188.9134,200.3892,172.8084,185.1298,133.1459,84.7063,102.3772,34.2227
2023-10-03,191.5737,202.4763,175.0735,190.0231,135.2762,84.5506,103.3035,35.1328
2023-10-04,189.0972,200.4636,174.692,189.2097,133.8047,84.8137,104.0967,34.068
2023-10-05,184.8049,197.1021,172.5933,185.8776,131.1044,84.4875,104.7963,33.2298
2023-10-06,185.7133,197.7669,173.5794,186.2301,131.3448,84.2598,104.9515,33.0858
2023-10-09,187.4317,200.7999,174.53,190.85,131.9416,84.3569,106.2306,35.6651
2023-10-10,183.631,197.943,173.1105,189.4336,129.4234,84.2326,105.9363,33.6941
2023-10-11,186.0168,199.6601,175.8831,193.1413,129.9646,83.9477,105.3585,34.6634
2023-10-12,187.8199,201.4446,178.1339,193.4387,129.0805,83.8549,105.8225,34.7955
2023-10-13,186.0875,200.0984,178.8036,192.3481,128.2709,83.6578,107.7471,34.6124
2023-10-16,187.2181,203.2587,181.3856,193.7983,129.856,83.8566,108.495,36.9687
2023-10-17,186.2786,202.0546,180.0696,193.4024,128.9956,83.9869,107.3644,36.0316
2023-10-18,185.6935,201.2013,179.6707,192.4087,128.5482,83.465,108.1841,35.0237
2023-10-19,185.3151,199.5096,179.9408,190.5687,128.4642,83.7933,110.1632,36.4571
2023-10-20,186.454,199.0061,181.578,193.2765,129.5852,83.994,110.4449,36.6845
2023-10-23,188.4242,203.1978,182.8283,197.4082,131.0879,84.1996,111.0047,39.5023
2023-10-24,190.322,206.7725,183.4916,200.9531,132.2541,83.886,111.6816,39.0935
2023-10-25,192.0096,211.4274,185.2492,205.4426,133.9875,84.0288,110.4344,41.1314
2023-10-26,192.3386,213.0228,185.936,208.0659,134.7492,84.2057,112.1314,42.468
2023-10-27,194.2365,215.6709,188.1898,210.1867,136.3457,84.5107,112.3741,45.0005
2023-10-30,195.1225,214.9823,188.7796,212.658,136.4823,84.0557,112.3579,44.3806
2023-10-31,198.7189,219.1954,191.78,216.3615,138.4574,83.879,111.4313,46.0834
2023-11-01,197.344,219.7762,190.1907,215.0494,137.5706,83.5587,113.0344,42.9651
2023-11-02,200.1462,220.8357,191.9336,221.1093,137.7122,83.196,114.3705,44.6542
2023-11-03,199.2559,219.7915,190.2757,219.7331,138.0156,83.1297,114.4886,45.7719
2023-11-06,203.0822,223.3779,193.4643,223.5847,139.4523,83.0013,113.8723,45.2016
2023-11-07,199.4948,218.0437,190.3761,220.3876,137.3234,83.0291,114.5224,44.2262
2023-11-08,199.4042,217.9075,192.2418,220.7362,137.3505,82.6293,114.7881,44.0791
2023-11-09,203.0825,221.7038,196.0007,227.2213,140.4776,82.2565,116.5095,47.0225
2023-11-10,203.0097,221.1668,195.4376,226.2251,138.8741,82.4177,116.7007,45.2637
2023-11-13,203.0128,225.0182,197.0881,227.794,140.7197,82.2105,116.4995,45.5169
2023-11-14,202.6915,225.9116,197.8734,227.2104,140.7816,82.2484,116.1156,45.495
2023-11-15,201.467,223.2958,196.5836,223.5136,140.0773,82.2429,115.0478,43.4048
2023-11-16,200.6972,222.1745,196.0392,222.2036,139.1579,82.635,116.3367,43.4125
2023-11-17,202.5752,224.9825,197.5632,224.9936,141.8515,82.867,117.8273,44.831
2023-11-20,203.8084,230.2798,200.2721,230.4402,144.3036,83.0006,119.9107,47.7253
2023-11-21,204.8527,230.5232,203.6832,233.2342,145.3581,83.3444,119.7118,48.9084
2023-11-22,203.5012,228.9849,202.1927,232.1893,144.6257,83.2288,119.2724,47.7756
2023-11-23,202.6584,229.5885,202.7401,232.4911,143.9692,83.3793,117.9514,47.6335
2023-11-24,202.8543,228.8809,201.7732,230.8093,144.9165,83.3322,117.7113,48.7826
2023-11-27,203.7399,231.7743,201.8367,230.5855,147.4404,83.3178,117.4717,49.9062
2023-11-28,205.699,232.1726,203.2204,232.3742,148.627,83.3582,116.9986,49.4847
2023-11-29,201.2882,228.534,198.5273,226.0395,147.2857,83.3258,117.5322,46.82
2023-11-30,202.6784,230.31,199.2354,229.8184,148.0385,82.9858,117.0194,48.2622
2023-12-01,200.7408,229.3122,198.8558,231.6606,147.3725,83.1776,115.307,46.8843
2023-12-04,201.0361,230.3953,199.3105,232.2941,147.3153,83.0776,115.6234,47.9415
2023-12-05,202.3118,233.6799,202.204,232.6667,148.0458,83.0299,114.9852,50.3441
2023-12-06,203.795,235.3669,203.5932,236.7381,148.8698,82.9442,116.0272,52.4638
2023-12-07,206.5404,239.4346,206.9853,240.376,150.0226,82.9192,113.2599,54.2335
2023-12-08,208.4722,242.0018,208.4932,244.838,151.241,83.1505,115.9333,57.8905
2023-12-11,210.3593,245.2592,210.7,248.5497,152.6242,83.4059,114.4713,58.8252
2023-12-12,211.7235,245.4994,211.3476,248.5421,153.2781,83.6296,116.2836,60.9218
2023-12-13,210.4629,244.4305,211.0875,249.7878,151.7067,83.7519,114.3653,60.8978
2023-12-14,211.421,246.5514,213.2111,252.7905,152.2815,83.8356,115.8318,62.4598
2023-12-15,211.5852,244.6498,214.0275,251.7965,151.7043,83.7464,114.8446,61.3096
2023-12-18,214.147,249.2804,218.3392,259.5707,153.361,83.8328,116.7355,69.4403
2023-12-19,211.5411,243.5744,215.861,254.346,150.9509,83.9929,115.8725,62.0276
2023-12-20,211.6043,243.9146,216.7533,256.6018,151.471,83.9403,115.1653,59.4299
2023-12-21,210.8735,244.8109,217.4515,260.4872,151.8233,83.5002,115.8229,61.807
2023-12-22,208.7633,239.4311,214.9211,257.3537,149.6256,83.4722,114.8624,57.1796
2023-12-25,206.3946,236.8061,212.5508,252.7548,146.6579,83.9673,114.0813,54.6974
2023-12-26,204.3775,235.0079,209.3824,249.5728,145.342,84.2448,113.02,51.8936
2023-12-27,204.0293,238.1772,208.6447,250.6444,145.2215,84.3326,113.8147,52.5702
2023-12-28,204.5936,239.3814,208.6841,251.0451,144.4878,84.255,112.9551,51.947
2023-12-29,206.0334,241.8599,210.6828,255.6455,144.2116,84.3535,113.0731,52.9324
2024-01-01,203.6909,239.8884,210.1999,255.1467,143.5141,84.5446,114.1578,55.2594
2024-01-02,206.0257,243.0795,212.4572,259.0672,144.9913,84.3959,115.0052,56.1152
2024-01-03,204.6077,241.9196,210.7947,256.557,142.9837,84.6346,115.0949,54.6445
2024-01-04,205.5272,243.4521,210.9703,261.2278,143.4321,84.8754,117.336,55.2576
2024-01-05,205.7634,242.3184,211.898,260.8348,142.8133,85.2239,118.606,54.1937
2024-01-08,208.0324,245.5171,217.0385,269.0714,144.5303,85.1143,117.7049,56.6794
2024-01-09,208.1816,247.0131,217.6937,267.3706,144.1759,85.4849,119.27,57.0344
2024-01-10,207.9854,246.4634,217.4632,263.9087,144.3356,85.3354,119.3124,52.5704
2024-01-11,208.4828,249.4869,216.1558,267.3288,145.1028,85.1456,117.4424,54.3646
2024-01-12,209.0315,251.2576,216.6786,267.1023,145.9556,84.9028,118.3155,52.4258
2024-01-15,207.35,246.5013,215.8595,260.8654,143.9399,85.1197,118.6166,54.039
2024-01-16,210.8837,252.1034,220.1391,263.7813,145.318,84.9994,118.4738,54.0831
2024-01-17,209.1739,248.3947,219.3552,261.8437,144.2529,84.9638,118.7098,51.8615
2024-01-18,208.733,244.7668,218.7628,261.6813,143.9769,85.1081,119.1918,54.5394
2024-01-19,209.1737,242.9787,217.24,261.7544,144.3277,85.3201,120.287,54.943
2024-01-22,206.4309,238.3503,212.4213,255.3804,141.4695,85.4137,119.9853,49.1331
2024-01-23,207.8557,241.4235,212.5566,257.5882,142.6259,85.3272,120.9684,50.5504
2024-01-24,209.9344,244.3147,214.2889,261.5667,144.273,85.3665,120.5723,50.7743
2024-01-25,209.2638,242.4506,213.6112,260.4313,143.7589,85.3862,120.7366,52.5083
2024-01-26,211.5996,244.2853,215.7863,262.9054,144.742,85.3033,120.0252,51.4352
2024-01-29,206.9401,238.8703,213.1316,255.3335,142.8248,85.2677,120.135,47.6302
2024-01-30,206.5277,238.1366,210.0646,253.6072,142.0412,84.6561,120.3704,46.5375
2024-01-31,206.9312,239.2231,210.1309,252.3408,141.8456,84.5512,122.8649,49.6575
2024-02-01,206.0249,237.3439,209.4465,251.7406,140.9655,84.314,124.9209,50.8961
2024-02-02,203.1269,230.7376,205.0602,245.8612,139.0971,84.2877,122.7687,47.9617
2024-02-05,204.2532,232.0491,205.4588,248.0669,139.602,83.9898,122.6735,46.5849
2024-02-06,206.0662,234.9992,206.1462,250.778,141.2362,83.4188,122.1383,49.706
2024-02-07,203.1459,231.1084,201.9999,245.4623,137.9484,83.0659,121.0381,46.8588
2024-02-08,203.8526,232.6381,204.0212,248.5668,139.1831,82.7965,120.696,52.3164
2024-02-09,208.1624,239.2918,208.9264,257.5801,141.6692,83.2265,120.7552,55.8566
2024-02-12,212.3963,240.6901,211.7524,258.7427,142.5199,83.1748,120.3647,57.5292
2024-02-13,210.8869,238.6256,209.0458,255.0063,140.5641,83.3788,118.866,56.4567
2024-02-14,210.0746,237.0525,209.4667,254.3333,139.1474,83.523,115.5669,55.1772
2024-02-15,209.2894,233.6002,208.0734,251.3236,139.4622,83.4301,117.6418,57.0617
2024-02-16,208.0965,230.7129,208.0401,249.3009,138.922,83.3833,116.1371,54.9955
2024-02-19,206.2336,225.8512,205.2475,248.1281,138.6484,83.3982,116.1884,54.3072
2024-02-20,208.8783,229.4347,207.0962,251.0856,140.5917,84.0416,115.9989,52.9576
2024-02-21,210.4726,231.1151,208.5187,255.4538,141.5981,83.672,113.5601,53.1897
2024-02-22,208.1924,228.8905,205.2964,251.015,139.3144,83.6214,112.8785,51.8014
2024-02-23,210.8416,231.6245,206.4215,257.5221,140.8913,83.7468,113.7255,56.2401
2024-02-26,212.8586,235.1352,209.314,259.8394,141.7534,83.6914,113.8543,57.822
2024-02-27,213.4843,235.8698,209.3364,257.4357,142.241,83.847,112.952,58.4589
2024-02-28,214.2864,236.8959,207.9388,255.2722,141.7099,84.2806,112.2441,57.383
2024-02-29,212.0603,233.3549,206.1716,248.1419,138.4609,84.5084,112.2719,53.8448
2024-03-01,214.0135,237.3314,205.9521,250.1294,139.938,84.3104,111.8352,56.3912
2024-03-04,213.4787,234.5205,204.0621,245.4982,139.2688,83.8858,112.568,52.3884
2024-03-05,213.575,231.9998,202.9586,245.8045,139.5886,84.2387,112.6634,52.3253
2024-03-06,214.0493,233.5842,203.2076,248.6158,140.2852,84.5299,113.4112,54.3684
2024-03-07,212.5834,231.1012,200.3551,244.9049,138.9984,84.7873,112.0568,57.7422
2024-03-08,212.3436,232.9789,201.9418,241.8536,138.9525,85.1805,109.6255,58.4601
2024-03-11,210.5188,229.982,200.4194,235.8939,137.7794,85.0465,108.6059,57.3417
2024-03-12,217.6163,238.828,206.9462,245.689,140.985,85.0214,110.4786,63.5788
2024-03-13,219.4568,240.5154,211.1379,246.3584,142.4143,85.138,110.9023,63.2979
2024-03-14,217.1065,237.2882,209.1459,240.921,140.3513,85.3305,112.0275,60.3088
2024-03-15,215.6697,234.2596,210.3176,240.4858,139.9267,85.6117,114.7379,62.8357
2024-03-18,212.766,230.6825,207.3471,235.7027,137.5896,85.5551,113.2975,60.1575
2024-03-19,212.8387,228.2411,204.6627,232.7296,137.1133,85.7101,113.2247,53.2965
2024-03-20,211.8237,225.7404,202.9997,228.4999,135.8492,85.5607,116.1002,53.6979
2024-03-21,211.4145,225.1223,202.4533,228.0562,135.3645,85.5638,117.23,54.8914
2024-03-22,212.0118,228.0201,203.8642,228.335,134.9029,85.366,117.008,55.8401
2024-03-25,214.1644,229.4167,204.3592,231.2745,136.3599,85.2128,117.3253,59.4676
2024-03-26,214.7935,229.9673,202.4857,232.9735,136.7693,85.2435,116.7692,57.134
2024-03-27,214.568,229.4513,203.4003,231.0521,137.5031,85.2517,118.1239,55.8295
2024-03-28,215.2511,232.2966,204.6966,230.4765,137.7976,85.3821,116.5724,53.5513
2024-03-29,215.7084,231.0792,205.2452,228.5528,136.5299,85.1843,118.1071,51.9415
2024-04-01,215.6747,231.4,204.2433,229.8691,136.633,85.3028,116.1866,48.721
2024-04-02,210.1014,224.6351,199.3286,223.6655,134.8293,85.3059,115.6363,46.0828
2024-04-03,213.1456,226.6229,201.9775,226.588,135.8772,85.4905,114.9131,45.8109
2024-04-04,214.475,228.0207,202.6985,227.7535,136.6953,85.3758,115.7213,47.1555
2024-04-05,217.4874,233.5989,206.7349,232.6023,138.7229,85.1639,119.0229,49.9424
2024-04-08,218.6205,237.2589,206.8325,232.9854,139.0375,84.8863,117.3418,49.157
2024-04-09,221.2983,241.6158,209.3941,236.9254,139.5096,85.0381,118.0152,49.278
2024-04-10,221.7246,241.6981,208.9988,235.2469,138.9564,84.7954,118.3359,49.4616
2024-04-11,222.3963,242.0847,208.9325,239.0351,138.2714,85.1097,118.961,50.0444
2024-04-12,221.3259,240.3858,206.5802,234.429,137.1722,84.7006,119.5492,50.3323
2024-04-15,214.2446,229.4267,200.3479,224.7441,133.5199,84.9191,120.2558,47.1578
2024-04-16,217.9002,233.5994,204.1941,227.0084,135.0653,84.5535,121.7753,52.9324
2024-04-17,219.023,232.5362,204.2188,227.1885,135.252,84.8435,123.1288,49.3509
2024-04-18,221.8776,234.8401,205.5588,232.1857,136.3245,84.4509,121.3081,50.2629
2024-04-19,223.7987,239.6676,207.6925,234.8951,138.5541,84.2949,123.0599,52.8223
2024-04-22,224.3129,239.783,208.2749,234.63,138.2796,84.262,122.2236,53.0543
2024-04-23,224.5065,239.484,208.029,234.0743,139.2526,84.2609,121.489,52.446
2024-04-24,225.9287,240.6925,208.8421,235.0517,139.862,84.3541,122.1127,50.6967
2024-04-25,223.6741,233.4038,206.4711,232.2158,139.0617,84.4352,123.4286,49.1385
2024-04-26,223.4293,230.3883,204.529,229.1447,138.7423,84.8998,123.106,48.7469
2024-04-29,224.0223,229.6493,202.6404,227.0056,137.4223,84.8369,122.8087,47.5611
2024-04-30,223.6749,230.0609,201.5855,227.8576,136.3426,84.8645,123.2527,46.1618
2024-05-01,220.3396,227.4484,198.6015,225.2139,135.4389,84.9017,123.1401,45.9403
2024-05-02,221.1266,226.6636,198.8557,226.2626,135.7159,84.9502,122.9814,45.8856
2024-05-03,219.1901,222.0899,197.7789,222.2454,134.6163,84.5903,122.7778,43.1623
2024-05-06,225.4011,227.0112,200.9168,229.722,137.7327,83.9691,122.8178,47.0211
2024-05-07,222.8246,225.3498,198.7194,225.2585,136.296,83.886,120.946,48.1078
2024-05-08,221.8745,223.0189,198.4773,223.7467,136.5523,83.8297,121.2623,47.7476
2024-05-09,222.222,222.9908,198.4848,226.4973,136.4397,83.6843,120.7325,48.5605
2024-05-10,223.0598,225.4122,198.1513,227.9068,136.7672,83.6013,120.8704,46.1872
2024-05-13,223.6314,226.2209,197.1062,227.7242,137.6806,83.4989,121.4862,46.1015
2024-05-14,221.9374,222.799,194.9,226.7064,137.1797,83.3432,122.4651,45.0
2024-05-15,220.5063,221.9304,193.0675,222.3239,136.9968,82.8969,122.6876,41.9658
2024-05-16,220.4472,221.4884,192.4341,218.4069,136.4204,82.9046,121.5416,41.0118
2024-05-17,222.5054,222.4481,193.8307,218.4964,137.2338,83.0551,124.6779,43.4871
2024-05-20,223.4122,225.7308,194.1674,221.7522,137.7166,82.88,125.9275,44.7722
2024-05-21,226.2007,226.2343,195.7383,223.0558,138.3322,82.3779,126.7394,45.8455
2024-05-22,224.1481,221.77,192.611,221.2518,136.9236,82.3346,127.1794,44.3315
2024-05-23,224.6541,223.5038,193.6863,223.913,136.8692,82.3429,126.7747,44.8995
2024-05-24,224.6018,222.3702,192.954,224.5906,136.3851,82.0417,127.2467,45.8923
2024-05-27,224.081,222.0123,191.7776,223.3132,136.6503,82.2597,127.5735,45.3078
2024-05-28,220.7725,219.0175,189.9806,221.5218,136.6636,82.3899,128.7863,43.0471
2024-05-29,223.3052,223.1217,193.6812,226.9511,138.7572,82.7242,128.3868,45.9613
2024-05-30,225.6167,224.2808,193.8156,229.1549,139.5025,82.8719,129.3779,45.9327
2024-05-31,226.3965,226.9979,194.6196,230.3992,139.464,83.0786,132.0755,45.2928
2024-06-03,228.0772,230.3399,195.7644,232.3007,139.7654,82.8729,132.2134,47.015
2024-06-04,228.4151,232.1846,196.698,231.6868,140.9721,83.1747,131.6158,50.0661
2024-06-05,229.5048,233.6223,199.6176,230.1369,140.6085,83.3603,131.5157,49.197
2024-06-06,232.8244,238.1176,201.0245,232.7855,142.4867,83.7943,129.4849,50.9817
2024-06-07,232.1254,234.3606,199.4705,227.9545,141.0559,84.2585,130.4312,51.0716
2024-06-10,233.5373,236.5468,201.7839,228.6061,141.6723,84.4765,129.7929,51.293
2024-06-11,236.2864,242.3001,204.0424,231.5203,143.5934,84.5238,129.1707,54.1324
2024-06-12,237.6429,243.9947,208.3702,237.0094,145.6165,84.7678,133.3212,59.375
2024-06-13,236.2244,243.0861,207.6417,234.8511,145.2344,84.8685,133.3395,57.8365
2024-06-14,238.1952,242.4487,209.2359,236.3588,146.019,84.2595,135.1549,56.0186
2024-06-17,236.459,241.7847,207.7002,234.0238,143.9392,84.1943,135.3552,55.859
2024-06-18,235.9924,241.7424,208.036,232.9284,143.3993,84.729,134.7143,57.7208
2024-06-19,236.31,244.8207,208.4622,235.1761,144.2563,84.6751,135.2006,57.4572
2024-06-20,236.2988,244.1651,209.1649,235.2054,143.4765,84.6041,135.0681,55.7433
2024-06-21,239.3955,248.4042,212.7658,238.4922,144.9003,84.8471,133.5914,58.2603
2024-06-24,239.7618,247.9705,212.9546,236.8898,144.9711,84.5551,131.7659,59.9733
2024-06-25,238.3744,242.6855,211.9077,232.8724,141.639,84.6051,132.927,58.6621
2024-06-26,242.3792,246.8891,215.6478,236.152,143.5197,84.9803,134.1028,62.0698
2024-06-27,238.1392,241.6886,210.8521,231.7074,140.9968,85.1564,132.808,61.9501
2024-06-28,235.7258,239.4025,212.145,230.9082,140.081,85.355,134.28,63.3205
2024-07-01,231.6127,235.4086,206.8329,228.4182,138.2908,85.3079,135.0278,61.5644
2024-07-02,229.236,235.7504,205.7285,224.2456,138.357,85.7543,137.0704,62.3969
2024-07-03,227.5029,235.5749,207.0508,225.3755,139.4033,85.5663,138.3899,64.8775
2024-07-04,224.5246,229.5635,203.1613,220.5048,137.7353,85.5838,138.2092,61.6133
2024-07-05,224.8796,231.0452,204.3912,221.6919,138.4132,85.4744,139.3328,61.7889
2024-07-08,228.5383,235.1051,207.6172,224.9923,139.9001,85.4985,139.6086,63.2746
2024-07-09,226.2394,232.7436,206.1259,223.4569,139.8118,85.4607,136.866,61.1022
2024-07-10,222.5292,226.5669,203.7666,219.6631,137.6668,85.3683,136.5756,55.2556
2024-07-11,223.7107,227.3443,206.6372,220.1761,139.0048,85.1904,137.9695,55.0806
2024-07-12,225.4381,228.5526,206.936,221.3136,139.8491,85.3077,140.3735,57.9876
2024-07-15,220.0947,222.1993,200.4634,213.4493,137.2444,85.0591,138.3431,53.5403
2024-07-16,219.6751,224.4989,201.44,215.3318,138.8434,84.9325,138.3857,52.8982
2024-07-17,220.3883,227.1343,204.1662,217.7557,139.4456,84.7308,136.4897,53.7972
2024-07-18,223.4124,226.4765,202.9558,220.5875,138.9655,84.8373,134.9911,55.1513
2024-07-19,225.2568,228.865,205.5044,223.5356,140.4932,85.3167,137.0593,56.5034
2024-07-22,223.7517,226.9317,204.0653,221.7625,139.4064,85.5416,137.3101,56.1727
2024-07-23,223.9679,228.3348,203.3722,224.5953,140.0136,85.6803,138.3942,59.018
2024-07-24,225.7406,230.7955,204.8025,224.3604,140.8758,85.6073,138.0731,64.5193
2024-07-25,222.0255,226.965,203.4156,222.4054,140.419,85.3294,136.5404,63.4406
2024-07-26,221.6254,229.6076,204.4298,223.9879,141.2605,85.273,136.8202,63.189
2024-07-29,221.7762,229.0732,204.712,221.8887,140.214,85.438,137.347,61.1629
2024-07-30,221.5366,227.1435,206.3654,219.5752,141.1198,85.2515,137.8913,60.8455
2024-07-31,220.9806,228.2892,207.5123,219.8872,140.8562,85.8368,140.4512,62.4011
2024-08-01,220.6042,228.5286,207.6254,221.8443,140.5041,85.8748,139.5262,64.881
2024-08-02,224.6445,232.9885,211.5955,229.3531,142.6612,85.5981,141.0867,70.0881
2024-08-05,224.4568,235.5228,212.7152,227.8634,143.1941,85.6092,143.9201,71.5981
2024-08-06,224.2735,236.2555,213.2683,226.1364,143.3024,85.5568,146.0343,77.7815
2024-08-07,222.1708,232.3506,210.2197,221.649,141.4094,85.6496,147.6879,72.6288
2024-08-08,219.2155,226.0423,208.2137,219.5727,139.0154,85.2945,147.543,71.898
2024-08-09,221.5833,229.1411,211.1902,223.6475,140.1827,85.8037,148.266,72.5818
2024-08-12,220.862,225.8568,209.9227,223.5307,138.8655,86.1639,151.7746,73.4748
2024-08-13,218.7131,222.2321,207.4955,218.3864,136.7084,86.1748,151.4937,71.9288
2024-08-14,216.4995,223.1253,208.104,219.4669,136.3579,86.6847,151.5661,76.2442
2024-08-15,218.9593,224.462,209.2707,224.6561,138.146,86.6441,152.1155,79.4566
2024-08-16,217.6201,222.818,207.4942,222.1349,137.6724,86.4423,153.1086,78.5749
2024-08-19,219.4531,226.4987,211.0807,226.9983,139.7442,86.3838,154.25,80.2115
2024-08-20,219.1993,227.6667,211.4128,228.2883,139.4158,86.788,153.8927,81.721
2024-08-21,219.4089,229.6766,211.852,227.7862,138.5734,86.7401,152.1827,82.6654
2024-08-22,222.6852,229.5974,211.9525,229.9797,140.0606,86.8372,152.994,86.1754
2024-08-23,224.164,234.288,214.9898,231.7448,141.0868,86.8978,152.0842,87.9398
2024-08-26,223.3099,232.2614,214.8706,230.1156,140.0005,86.7555,152.1017,92.4628
2024-08-27,224.1196,235.9678,217.1618,229.3775,141.025,86.5382,150.0909,90.4771
2024-08-28,228.2248,237.8778,219.0511,234.8199,143.021,86.066,149.8126,92.3656
2024-08-29,228.0647,239.2286,218.8546,234.7119,144.0942,85.596,149.0106,93.8248
2024-08-30,225.6357,235.5407,215.1203,231.0636,142.2269,85.887,150.7824,91.4133
2024-09-02,225.0779,235.5455,215.0561,228.9164,142.6878,85.9872,152.195,88.1469
2024-09-03,227.2209,241.9496,218.9493,231.4883,144.4866,85.9601,152.8165,91.6149
2024-09-04,228.5523,242.7622,220.2139,231.9196,145.0992,86.252,152.5159,94.8648
2024-09-05,226.8795,240.3424,218.5028,231.7971,143.9649,86.6403,150.6902,92.3259
2024-09-06,229.1135,244.3163,219.7043,232.7489,145.5515,86.3009,151.5088,93.49
2024-09-09,229.3374,249.0897,223.3251,237.5613,146.1656,86.3882,151.9245,96.4573
2024-09-10,232.532,249.651,225.4825,240.5529,146.811,86.869,150.6475,98.7691
2024-09-11,232.9558,246.1314,222.901,236.9055,146.4239,87.1854,151.8735,98.3751
2024-09-12,228.3491,241.4865,218.802,233.5187,145.3918,87.8869,153.5312,97.952
2024-09-13,226.3411,239.509,215.8908,232.2393,143.6974,87.8905,152.2838,93.6307
2024-09-16,227.5641,239.9901,216.9635,231.8906,144.99,87.7291,153.8756,101.8938
2024-09-17,222.5362,232.6953,212.1942,227.062,142.1993,87.9373,152.7902,97.2102
2024-09-18,220.1778,231.6752,207.4524,220.5735,141.6982,88.0579,151.4866,99.9691
2024-09-19,222.6259,236.5941,209.7135,225.3959,143.7021,87.5785,152.2625,103.6918
2024-09-20,225.613,242.535,212.253,228.9377,145.5964,87.7449,152.0593,107.8992
2024-09-23,227.1582,245.2327,215.2525,232.3807,146.3102,87.2516,153.1019,109.9319
2024-09-24,226.6075,244.1767,212.908,230.1632,143.9612,87.1963,151.6736,112.9222
2024-09-25,227.7971,245.2614,214.0572,232.907,144.216,87.145,151.2469,123.5704
2024-09-26,228.1638,242.0892,214.2661,236.6473,143.7685,88.1526,152.1353,128.9964
2024-09-27,227.1227,240.5235,211.9414,232.854,141.4869,88.54,150.6759,126.3839
2024-09-30,228.0522,240.4714,212.4782,233.4468,141.4743,88.5771,150.9045,123.3111
2024-10-01,225.3907,236.0242,210.1258,232.0841,141.2181,88.7245,152.4925,121.6544
2024-10-02,228.0213,239.3083,212.8739,235.2857,142.6218,89.2594,151.3186,125.7341
2024-10-03,226.8991,239.9454,214.8271,235.4302,141.0809,89.4685,152.5365,119.7724
2024-10-04,226.5486,239.5252,211.8535,234.9839,140.8783,89.5781,151.0167,115.226
2024-10-07,225.3294,239.1408,210.1043,236.0637,140.8202,88.9818,153.1968,115.6222
2024-10-08,224.292,238.2492,207.3017,234.3419,138.5383,88.7418,155.1132,117.9762
2024-10-09,223.7097,235.8801,207.4651,233.3366,138.3424,88.9572,153.6301,119.4228
2024-10-10,219.2702,233.64,203.0675,227.4174,136.0139,89.2511,154.9372,115.661
2024-10-11,220.5961,236.0912,204.3824,226.3138,135.1209,88.6002,154.3825,114.7621
2024-10-14,220.4398,236.4005,204.1942,224.6409,134.0673,88.0848,155.9082,117.4048
2024-10-15,217.6565,232.7781,202.4128,224.0409,132.7296,88.1876,157.826,109.0548
2024-10-16,216.2192,231.1252,200.498,225.4791,132.809,88.2757,156.3545,110.3911
2024-10-17,217.701,231.9245,200.9477,224.2518,133.0218,88.5391,158.3044,114.1925
2024-10-18,219.6036,233.0522,201.6346,227.8876,134.1063,88.3038,159.0605,119.9441
2024-10-21,221.2623,235.1779,202.4608,230.4763,135.9511,88.3365,158.1467,123.8478
2024-10-22,218.7055,232.745,200.307,229.0798,135.0451,88.6868,162.2226,122.1962
2024-10-23,217.0261,231.7184,199.203,227.6767,134.1008,88.8854,162.4913,112.4813
2024-10-24,216.6302,231.9148,200.456,227.2137,133.7352,89.2363,161.8343,112.8295
2024-10-25,217.7458,234.5832,201.8097,227.4275,134.9914,89.1058,160.9689,121.8815
2024-10-28,219.7394,234.9453,202.281,228.3178,135.0055,88.5578,161.8832,125.9925
2024-10-29,220.3698,234.9561,202.8356,229.98,134.7,88.4733,160.9325,128.7946
